"country","countryiso3","latest.year_estimate_control_of_corru.364","latest.value_estimate_control_of_corru.364","latest.year_stderr_control_of_corrupt.366","latest.value_stderr_control_of_corrupt.366","latest.year_rank_control_of_corruptio.367","latest.value_rank_control_of_corruptio.367","latest.year_lower_control_of_corrupti.368","latest.value_lower_control_of_corrupti.368","latest.year_upper_control_of_corrupti.369","latest.value_upper_control_of_corrupti.369","latest.year_estimate_rule_of_law.370","latest.value_estimate_rule_of_law.370","latest.year_stderr_rule_of_law.372","latest.value_stderr_rule_of_law.372","latest.year_rank_rule_of_law.373","latest.value_rank_rule_of_law.373","latest.year_lower_rule_of_law.374","latest.value_lower_rule_of_law.374","latest.year_upper_rule_of_law.375","latest.value_upper_rule_of_law.375","latest.year_estimate_political_stabil.376","latest.value_estimate_political_stabil.376","latest.year_stderr_political_stabilit.378","latest.value_stderr_political_stabilit.378","latest.year_rank_political_stability_.379","latest.value_rank_political_stability_.379","latest.year_lower_political_stability.380","latest.value_lower_political_stability.380","latest.year_upper_political_stability.381","latest.value_upper_political_stability.381","latest.year_estimate_voice_and_accoun.382","latest.value_estimate_voice_and_accoun.382","latest.year_stderr_voice_and_accounta.384","latest.value_stderr_voice_and_accounta.384","latest.year_rank_voice_and_accountabi.385","latest.value_rank_voice_and_accountabi.385","latest.year_lower_voice_and_accountab.386","latest.value_lower_voice_and_accountab.386","latest.year_upper_voice_and_accountab.387","latest.value_upper_voice_and_accountab.387","latest.year_estimate_government_effec.388","latest.value_estimate_government_effec.388","latest.year_stderr_government_effecti.390","latest.value_stderr_government_effecti.390","latest.year_rank_government_effective.391","latest.value_rank_government_effective.391","latest.year_lower_government_effectiv.392","latest.value_lower_government_effectiv.392","latest.year_upper_government_effectiv.393","latest.value_upper_government_effectiv.393","latest.year_estimate_regulatory_quali.394","latest.value_estimate_regulatory_quali.394","latest.year_stderr_regulatory_quality.396","latest.value_stderr_regulatory_quality.396","latest.year_rank_regulatory_quality.397","latest.value_rank_regulatory_quality.397","latest.year_lower_regulatory_quality.398","latest.value_lower_regulatory_quality.398","latest.year_upper_regulatory_quality.399","latest.value_upper_regulatory_quality.399"
"Aruba","ABW",2018,1.252027,2018,0.2826696,2018,87.01923,2018,79.32692,2018,92.30769,2018,1.297575,2018,0.2096753,2018,87.01923,2018,78.84615,2018,91.82692,2018,1.366119,2018,0.2534463,2018,95.71429,2018,81.90476,2018,99.52381,2018,1.305925,2018,0.2493472,2018,91.62562,2018,77.3399,2018,99.50739,2018,1.058392,2018,0.3318715,2018,80.28846,2018,71.15385,2018,92.78846,2018,0.853144,2018,0.3641367,2018,77.88461,2018,62.01923,2018,90.38461
"Afghanistan","AFG",2018,-1.496648,2018,0.1572958,2018,4.326923,2018,0,2018,9.615385,2018,-1.668478,2018,0.1587239,2018,4.326923,2018,1.442308,2018,6.730769,2018,-2.74673,2018,0.2277857,2018,0.4761905,2018,0,2018,2.380952,2018,-0.9947197,2018,0.1348217,2018,20.68966,2018,13.7931,2018,25.61576,2018,-1.457285,2018,0.2380511,2018,7.692307,2018,1.442308,2018,12.5,2018,-1.132634,2018,0.1935247,2018,10.57692,2018,6.25,2018,19.23077
"Angola","AGO",2018,-1.144541,2018,0.1479328,2018,11.53846,2018,7.211538,2018,16.82692,2018,-1.048023,2018,0.1533215,2018,13.94231,2018,7.211538,2018,21.63461,2018,-0.3190349,2018,0.225094,2018,34.76191,2018,21.42857,2018,48.09524,2018,-0.9195936,2018,0.1311508,2018,22.6601,2018,16.74877,2018,27.58621,2018,-1.052086,2018,0.1926641,2018,13.94231,2018,8.173077,2018,21.63461,2018,-0.999813,2018,0.1780088,2018,12.98077,2018,7.692307,2018,24.03846
"Albania","ALB",2018,-0.5218667,2018,0.1360668,2018,35.09615,2018,24.51923,2018,44.71154,2018,-0.392243,2018,0.145667,2018,39.42308,2018,28.36539,2018,48.07692,2018,0.3821,2018,0.2157381,2018,58.57143,2018,46.66667,2018,70.47619,2018,0.2063695,2018,0.1280458,2018,53.20197,2018,45.81281,2018,60.59113,2018,0.114788,2018,0.22757,2018,57.69231,2018,42.78846,2018,70.19231,2018,0.2817102,2018,0.2076896,2018,63.46154,2018,50.96154,2018,73.07692
"Andorra","AND",2018,1.238614,2018,0.4023822,2018,86.53846,2018,71.15385,2018,94.71154,2018,1.607738,2018,0.4841593,2018,90.86539,2018,77.40385,2018,100,2018,1.425432,2018,0.2978511,2018,97.61905,2018,81.90476,2018,99.52381,2018,1.069589,2018,0.2673896,2018,83.25123,2018,69.45813,2018,95.56651,2018,1.944976,2018,0.4585745,2018,98.55769,2018,84.61539,2018,100,2018,1.187921,2018,0.4940268,2018,85.09615,2018,65.86539,2018,98.55769
"United Arab Emirates","ARE",2018,1.151608,2018,0.1443323,2018,83.65385,2018,80.76923,2018,88.46154,2018,0.8064476,2018,0.1559605,2018,77.40385,2018,71.15385,2018,82.69231,2018,0.7432382,2018,0.211271,2018,71.42857,2018,58.57143,2018,88.09524,2018,-1.109334,2018,0.1384398,2018,17.73399,2018,12.31527,2018,23.64532,2018,1.431291,2018,0.2132453,2018,90.38461,2018,81.25,2018,95.67308,2018,0.9316171,2018,0.1982157,2018,79.80769,2018,73.07692,2018,86.53846
"Argentina","ARG",2018,-0.0834675,2018,0.1182229,2018,54.32692,2018,45.19231,2018,59.61538,2018,-0.2400078,2018,0.1397771,2018,45.67308,2018,34.13462,2018,53.84615,2018,0.0199319,2018,0.211271,2018,46.66667,2018,33.80952,2018,58.09524,2018,0.5653015,2018,0.1280941,2018,66.99507,2018,59.60591,2018,72.9064,2018,0.0259878,2018,0.1831254,2018,54.80769,2018,41.34615,2018,64.90385,2018,-0.2430697,2018,0.1753201,2018,42.30769,2018,32.21154,2018,56.25
"Armenia","ARM",2018,-0.3491127,2018,0.1352468,2018,42.78846,2018,31.73077,2018,51.92308,2018,-0.1500262,2018,0.1446891,2018,48.55769,2018,39.42308,2018,56.73077,2018,-0.4187803,2018,0.2209855,2018,30.47619,2018,19.04762,2018,43.33333,2018,-0.1134583,2018,0.1345383,2018,40.39409,2018,35.46798,2018,50.73891,2018,-0.0243394,2018,0.2063741,2018,51.44231,2018,39.42308,2018,63.94231,2018,0.2692558,2018,0.1935906,2018,62.5,2018,51.92308,2018,72.59615
"American Samoa","ASM",2018,1.845534,2018,0.4023822,2018,94.23077,2018,84.13461,2018,100,2018,1.363964,2018,0.4841593,2018,87.98077,2018,72.59615,2018,100,2018,1.205116,2018,0.3255743,2018,92.38095,2018,68.57143,2018,99.52381,2013,1.004767,2013,0.4573736,2013,81.22066,2013,56.33803,2013,100,2018,0.5514148,2018,0.4585745,2018,72.59615,2018,46.63462,2018,87.5,2018,-0.2858895,2018,0.4940268,2018,40.86538,2018,12.01923,2018,71.15385
"Antigua and Barbuda","ATG",2018,0.2766346,2018,0.2648852,2018,63.46154,2018,50.48077,2018,76.44231,2018,0.3933258,2018,0.3020779,2018,65.38461,2018,50.96154,2018,78.84615,2018,0.7261432,2018,0.2550432,2018,70.47619,2018,57.14286,2018,89.52381,2018,0.618535,2018,0.2410059,2018,69.45813,2018,54.6798,2018,79.80296,2018,-0.0060096,2018,0.4585745,2018,52.88462,2018,20.67308,2018,75.48077,2018,0.411548,2018,0.360859,2018,66.82692,2018,46.63462,2018,80.76923
"Australia","AUS",2018,1.806201,2018,0.1390601,2018,92.78846,2018,90.86539,2018,96.63461,2018,1.715279,2018,0.1569692,2018,92.78846,2018,89.42308,2018,99.51923,2018,0.9765741,2018,0.211271,2018,82.85714,2018,66.66666,2018,94.28571,2018,1.428148,2018,0.1455305,2018,95.56651,2018,88.17734,2018,99.50739,2018,1.596495,2018,0.2221446,2018,92.78846,2018,86.53846,2018,98.55769,2018,1.929283,2018,0.2226358,2018,98.07692,2018,91.82692,2018,100
"Austria","AUT",2018,1.596262,2018,0.1451362,2018,91.34615,2018,88.46154,2018,93.26923,2018,1.875834,2018,0.1569692,2018,97.59615,2018,90.86539,2018,100,2018,0.9175232,2018,0.211271,2018,80.95238,2018,65.71429,2018,92.85714,2018,1.380672,2018,0.1455305,2018,93.10345,2018,84.23645,2018,99.01478,2018,1.453342,2018,0.2221446,2018,90.86539,2018,81.73077,2018,95.67308,2018,1.544717,2018,0.2226358,2018,91.34615,2018,83.65385,2018,97.59615
"Azerbaijan","AZE",2018,-0.8286031,2018,0.1404115,2018,21.63461,2018,12.98077,2018,29.32692,2018,-0.6002176,2018,0.1537411,2018,29.32692,2018,18.26923,2018,40.38462,2018,-0.6967331,2018,0.2209855,2018,20.95238,2018,12.85714,2018,33.33333,2018,-1.497994,2018,0.1331245,2018,7.881773,2018,4.433497,2018,13.30049,2018,-0.1004674,2018,0.2233855,2018,49.03846,2018,35.09615,2018,62.5,2018,-0.3807242,2018,0.2163536,2018,37.01923,2018,23.07692,2018,54.80769
"Burundi","BDI",2018,-1.450633,2018,0.1615282,2018,5.288462,2018,0.4807692,2018,10.57692,2018,-1.496611,2018,0.1501777,2018,5.769231,2018,3.365385,2018,8.173077,2018,-1.597951,2018,0.2293836,2018,7.619048,2018,5.238095,2018,11.42857,2018,-1.651565,2018,0.1372808,2018,5.418719,2018,1.970443,2018,9.852217,2018,-1.419982,2018,0.1908892,2018,8.173077,2018,1.923077,2018,11.53846,2018,-0.982583,2018,0.1831593,2018,13.46154,2018,7.692307,2018,25
"Belgium","BEL",2018,1.510279,2018,0.1434279,2018,90.38461,2018,87.5,2018,92.30769,2018,1.3679,2018,0.1569692,2018,88.46154,2018,82.69231,2018,90.86539,2018,0.412356,2018,0.211271,2018,59.52381,2018,48.57143,2018,73.33334,2018,1.397253,2018,0.1455305,2018,94.08867,2018,87.68473,2018,99.50739,2018,1.171748,2018,0.2221446,2018,83.65385,2018,75.48077,2018,91.82692,2018,1.233861,2018,0.2226358,2018,86.05769,2018,77.88461,2018,92.78846
"Benin","BEN",2018,-0.3833744,2018,0.1544845,2018,41.34615,2018,27.88461,2018,51.92308,2018,-0.6751704,2018,0.1484559,2018,26.92308,2018,17.30769,2018,35.09615,2018,-0.132421,2018,0.2293836,2018,41.90476,2018,28.57143,2018,54.28571,2018,0.2674125,2018,0.1348838,2018,57.63547,2018,48.76847,2018,63.05419,2018,-0.5659866,2018,0.1890158,2018,32.69231,2018,17.30769,2018,42.78846,2018,-0.3391147,2018,0.1831593,2018,38.94231,2018,27.88461,2018,53.84615
"Burkina Faso","BFA",2018,-0.112395,2018,0.132053,2018,53.36538,2018,43.75,2018,59.61538,2018,-0.4455683,2018,0.1435532,2018,34.61538,2018,26.44231,2018,47.11538,2018,-1.040907,2018,0.2195558,2018,13.33333,2018,8.095238,2018,21.42857,2018,-0.0432251,2018,0.1244324,2018,43.84237,2018,36.94581,2018,51.72414,2018,-0.5783429,2018,0.1907385,2018,31.25,2018,17.30769,2018,42.30769,2018,-0.3863249,2018,0.1686924,2018,36.05769,2018,25.48077,2018,49.03846
"Bangladesh","BGD",2018,-0.9050215,2018,0.133124,2018,16.82692,2018,11.53846,2018,26.92308,2018,-0.6402364,2018,0.1495493,2018,28.36539,2018,17.78846,2018,38.94231,2018,-1.03248,2018,0.2157381,2018,13.80952,2018,8.095238,2018,21.42857,2018,-0.7284137,2018,0.1298104,2018,27.58621,2018,22.16749,2018,31.03448,2018,-0.7483993,2018,0.2063302,2018,21.63461,2018,12.01923,2018,38.94231,2018,-0.8262727,2018,0.1817709,2018,19.23077,2018,10.57692,2018,32.21154
"Bulgaria","BGR",2018,-0.1515335,2018,0.1267572,2018,50.96154,2018,42.30769,2018,59.61538,2018,-0.029567,2018,0.1338652,2018,53.36538,2018,44.71154,2018,59.13462,2018,0.4196386,2018,0.211271,2018,60.47619,2018,48.57143,2018,73.33334,2018,0.3233821,2018,0.1279276,2018,59.1133,2018,50.73891,2018,64.53202,2018,0.2718757,2018,0.1982992,2018,62.98077,2018,50.96154,2018,73.55769,2018,0.5765803,2018,0.180271,2018,72.59615,2018,62.98077,2018,77.88461
"Bahrain","BHR",2018,-0.1472867,2018,0.1786588,2018,51.44231,2018,39.42308,2018,60.09615,2018,0.4127088,2018,0.1840094,2018,66.34615,2018,57.69231,2018,75,2018,-0.8404424,2018,0.225094,2018,17.14286,2018,11.42857,2018,29.04762,2018,-1.405907,2018,0.1472449,2018,10.83744,2018,5.418719,2018,15.76355,2018,0.1798774,2018,0.2489419,2018,59.61538,2018,45.67308,2018,73.07692,2018,0.4460675,2018,0.2312884,2018,67.78846,2018,57.21154,2018,77.40385
"Bahamas, The","BHS",2018,1.131102,2018,0.1760069,2018,83.17308,2018,79.80769,2018,88.94231,2018,0.0969947,2018,0.1847173,2018,57.21154,2018,47.59615,2018,65.86539,2018,0.8721167,2018,0.224247,2018,78.57143,2018,62.85714,2018,92.38095,2018,0.7956346,2018,0.1658501,2018,73.39902,2018,64.53202,2018,82.75862,2018,0.5391499,2018,0.2917387,2018,71.63461,2018,55.28846,2018,79.32692,2018,0.1511079,2018,0.2484729,2018,61.05769,2018,41.34615,2018,72.11539
"Bosnia and Herzegovina","BIH",2018,-0.5718023,2018,0.1399504,2018,31.73077,2018,23.07692,2018,42.78846,2018,-0.2332111,2018,0.1398785,2018,46.63462,2018,34.13462,2018,53.84615,2018,-0.3923242,2018,0.2235309,2018,30.95238,2018,19.04762,2018,44.76191,2018,-0.2435907,2018,0.1312635,2018,37.43842,2018,32.51231,2018,44.33498,2018,-0.6185398,2018,0.2192134,2018,28.36539,2018,15.86539,2018,42.78846,2018,-0.2064383,2018,0.1903207,2018,45.19231,2018,32.21154,2018,59.13462
"Belarus","BLR",2018,-0.1922756,2018,0.1365389,2018,49.03846,2018,40.38462,2018,58.65385,2018,-0.8329659,2018,0.1425991,2018,19.23077,2018,12.98077,2018,29.32692,2018,0.3535319,2018,0.2195558,2018,58.09524,2018,45.23809,2018,70,2018,-1.350769,2018,0.1295371,2018,11.82266,2018,6.403941,2018,16.25616,2018,-0.3010303,2018,0.2260143,2018,40.38462,2018,24.51923,2018,55.28846,2018,-0.6600578,2018,0.1903641,2018,25.96154,2018,13.94231,2018,37.98077
"Belize","BLZ",2018,-0.138192,2018,0.1985105,2018,51.92308,2018,38.46154,2018,61.53846,2018,-0.823954,2018,0.1895593,2018,20.19231,2018,9.615385,2018,32.69231,2018,0.0156727,2018,0.2330375,2018,46.19048,2018,31.42857,2018,58.57143,2018,0.4507534,2018,0.1666713,2018,61.08374,2018,51.72414,2018,71.92118,2018,-0.5938884,2018,0.319281,2018,30.28846,2018,11.53846,2018,50.48077,2018,-0.6593263,2018,0.2556349,2018,26.44231,2018,12.01923,2018,43.26923
"Bermuda","BMU",2018,1.238614,2018,0.4023822,2018,86.53846,2018,71.15385,2018,94.71154,2018,0.8764146,2018,0.4841593,2018,78.84615,2018,56.73077,2018,91.82692,2018,1.162025,2018,0.2825343,2018,90.95238,2018,69.52381,2018,99.52381,2013,1.004767,2013,0.4573736,2013,81.22066,2013,56.33803,2013,100,2018,1.387551,2018,0.4585745,2018,88.94231,2018,74.51923,2018,99.51923,2018,0.8194681,2018,0.4940268,2018,77.40385,2018,56.25,2018,93.26923
"Bolivia","BOL",2018,-0.62591,2018,0.1260384,2018,28.84615,2018,21.15385,2018,40.38462,2018,-1.14962,2018,0.1498107,2018,9.615385,2018,6.730769,2018,17.78846,2018,-0.2428411,2018,0.2195558,2018,38.09524,2018,24.76191,2018,52.85714,2018,-0.0425873,2018,0.1284416,2018,44.33498,2018,36.94581,2018,51.72414,2018,-0.3220994,2018,0.2042724,2018,39.90385,2018,25,2018,53.84615,2018,-0.8945125,2018,0.1845614,2018,15.86539,2018,9.615385,2018,29.80769
"Brazil","BRA",2018,-0.4196956,2018,0.1182229,2018,40.38462,2018,29.32692,2018,46.63462,2018,-0.2776436,2018,0.1397771,2018,44.23077,2018,32.69231,2018,52.40385,2018,-0.3570176,2018,0.211271,2018,31.90476,2018,20.47619,2018,44.76191,2018,0.3885686,2018,0.1280941,2018,60.59113,2018,51.72414,2018,68.47291,2018,-0.4474374,2018,0.1831254,2018,36.05769,2018,21.63461,2018,48.07692,2018,-0.3132748,2018,0.1753201,2018,39.90385,2018,29.80769,2018,54.80769
"Barbados","BRB",2018,1.411373,2018,0.205695,2018,88.94231,2018,82.21154,2018,92.30769,2018,0.3949094,2018,0.1867613,2018,65.86539,2018,56.73077,2018,75,2018,0.9214329,2018,0.2330375,2018,81.42857,2018,64.28571,2018,94.28571,2018,1.12459,2018,0.1642308,2018,84.23645,2018,74.87685,2018,93.59606,2018,0.4269727,2018,0.3318715,2018,68.75,2018,48.07692,2018,78.84615,2018,0.5401858,2018,0.2717637,2018,72.11539,2018,59.13462,2018,80.76923
"Brunei Darussalam","BRN",2018,0.7953077,2018,0.1780641,2018,79.80769,2018,68.75,2018,82.21154,2018,0.6292501,2018,0.1791468,2018,75,2018,63.94231,2018,78.84615,2018,1.201149,2018,0.2209855,2018,91.90476,2018,75.2381,2018,99.04762,2018,-0.8432592,2018,0.1656622,2018,24.63054,2018,17.24138,2018,31.03448,2018,1.252714,2018,0.2416333,2018,87.01923,2018,76.92308,2018,93.26923,2018,0.685179,2018,0.2642237,2018,74.51923,2018,61.53846,2018,82.69231
"Bhutan","BTN",2018,1.646514,2018,0.2041037,2018,91.82692,2018,87.5,2018,95.19231,2018,0.5520926,2018,0.1798081,2018,71.63461,2018,61.53846,2018,77.88461,2018,1.104605,2018,0.239692,2018,88.57143,2018,70,2018,98.09524,2018,0.0605407,2018,0.1510144,2018,49.7537,2018,38.42365,2018,57.63547,2018,0.3588973,2018,0.2648508,2018,67.30769,2018,50.48077,2018,75.48077,2018,-0.3346259,2018,0.2205652,2018,39.42308,2018,24.51923,2018,56.25
"Botswana","BWA",2018,0.7505108,2018,0.1305735,2018,77.88461,2018,69.71154,2018,81.25,2018,0.4664786,2018,0.1435289,2018,68.75,2018,60.09615,2018,75,2018,0.9791562,2018,0.2201839,2018,83.33334,2018,66.66666,2018,94.28571,2018,0.4747402,2018,0.1271977,2018,62.56158,2018,57.14286,2018,71.42857,2018,0.3334411,2018,0.1874648,2018,65.38461,2018,54.80769,2018,74.51923,2018,0.454911,2018,0.1684377,2018,68.75,2018,61.53846,2018,75.48077
"Central African Republic","CAF",2018,-1.233395,2018,0.1701442,2018,10.57692,2018,3.365385,2018,15.86539,2018,-1.687692,2018,0.1557647,2018,3.846154,2018,1.442308,2018,6.25,2018,-2.281261,2018,0.2339885,2018,2.857143,2018,0.952381,2018,5.238095,2018,-1.188597,2018,0.1374218,2018,14.77833,2018,10.34483,2018,21.67488,2018,-1.720417,2018,0.2011058,2018,2.884615,2018,0.9615384,2018,8.173077,2018,-1.367495,2018,0.1860124,2018,6.730769,2018,3.365385,2018,12.01923
"Canada","CAN",2018,1.873514,2018,0.1434637,2018,94.71154,2018,91.34615,2018,97.59615,2018,1.770795,2018,0.1547573,2018,94.71154,2018,89.90385,2018,99.51923,2018,0.9911886,2018,0.211271,2018,84.7619,2018,67.14286,2018,94.28571,2018,1.520857,2018,0.145374,2018,96.05911,2018,89.65517,2018,100,2018,1.716108,2018,0.2221446,2018,94.71154,2018,87.98077,2018,99.51923,2018,1.665293,2018,0.2226358,2018,93.75,2018,87.01923,2018,99.03846
"Switzerland","CHE",2018,2.00971,2018,0.1570675,2018,96.63461,2018,92.30769,2018,100,2018,1.931222,2018,0.1675214,2018,99.03846,2018,91.82692,2018,100,2018,1.344863,2018,0.2161918,2018,95.2381,2018,84.28571,2018,99.52381,2018,1.616422,2018,0.1552453,2018,99.01478,2018,92.61084,2018,100,2018,2.039621,2018,0.2221446,2018,99.51923,2018,93.75,2018,100,2018,1.780406,2018,0.2454936,2018,96.63461,2018,89.90385,2018,99.51923
"Chile","CHL",2018,1.012118,2018,0.1223864,2018,81.73077,2018,79.80769,2018,84.13461,2018,1.115472,2018,0.1399574,2018,83.65385,2018,78.84615,2018,87.01923,2018,0.4252459,2018,0.211271,2018,61.42857,2018,49.04762,2018,73.80952,2018,1.054925,2018,0.1293303,2018,82.26601,2018,74.87685,2018,89.65517,2018,1.084034,2018,0.1854095,2018,81.73077,2018,75.48077,2018,88.94231,2018,1.343512,2018,0.180271,2018,88.94231,2018,81.73077,2018,93.26923
"China","CHN",2018,-0.2712442,2018,0.1249812,2018,45.67308,2018,37.98077,2018,55.28846,2018,-0.2015748,2018,0.1448283,2018,48.07692,2018,35.09615,2018,55.76923,2018,-0.2610621,2018,0.211271,2018,36.66667,2018,23.80952,2018,49.52381,2018,-1.449377,2018,0.129805,2018,8.866995,2018,4.926108,2018,13.30049,2018,0.4771284,2018,0.1955121,2018,69.71154,2018,58.65385,2018,75.48077,2018,-0.1350215,2018,0.1753201,2018,48.07692,2018,35.09615,2018,61.05769
"Cote d'Ivoire","CIV",2018,-0.4990963,2018,0.132053,2018,36.53846,2018,26.44231,2018,45.19231,2018,-0.5795925,2018,0.1435532,2018,30.76923,2018,20.67308,2018,40.86538,2018,-0.9311823,2018,0.2195558,2018,15.71429,2018,10.95238,2018,25.71428,2018,-0.2161922,2018,0.1255846,2018,37.93103,2018,33.00492,2018,44.82759,2018,-0.5705186,2018,0.1907385,2018,31.73077,2018,17.30769,2018,42.78846,2018,-0.1907277,2018,0.1686924,2018,46.15385,2018,34.61538,2018,59.13462
"Cameroon","CMR",2018,-1.149748,2018,0.1273428,2018,11.05769,2018,7.692307,2018,16.34615,2018,-1.079662,2018,0.1387609,2018,12.5,2018,6.730769,2018,18.26923,2018,-1.37598,2018,0.2157381,2018,8.571428,2018,6.666667,2018,13.80952,2018,-1.104003,2018,0.1242243,2018,18.2266,2018,12.80788,2018,23.15271,2018,-0.7996525,2018,0.1805988,2018,19.71154,2018,12.01923,2018,34.13462,2018,-0.7993764,2018,0.1665556,2018,20.19231,2018,12.01923,2018,32.21154
"Congo, Dem. Rep.","COD",2018,-1.503398,2018,0.1433302,2018,3.846154,2018,0,2018,9.134615,2018,-1.784221,2018,0.1527795,2018,2.884615,2018,0.9615384,2018,5.288462,2018,-2.116205,2018,0.225771,2018,4.761905,2018,1.428571,2018,6.190476,2018,-1.512408,2018,0.1342701,2018,7.389163,2018,4.433497,2018,12.80788,2018,-1.554787,2018,0.1877656,2018,5.769231,2018,1.442308,2018,9.615385,2018,-1.474037,2018,0.1777096,2018,5.769231,2018,3.365385,2018,9.615385
"Congo, Rep.","COG",2018,-1.358807,2018,0.1470706,2018,7.692307,2018,1.442308,2018,11.53846,2018,-1.101223,2018,0.1528088,2018,11.53846,2018,6.730769,2018,18.26923,2018,-0.4428181,2018,0.225094,2018,29.52381,2018,17.61905,2018,43.33333,2018,-1.181061,2018,0.1323768,2018,15.27094,2018,10.83744,2018,21.67488,2018,-1.217236,2018,0.1910554,2018,10.09615,2018,6.25,2018,16.34615,2018,-1.362082,2018,0.1780088,2018,7.211538,2018,3.365385,2018,12.01923
"Colombia","COL",2018,-0.3014929,2018,0.1182229,2018,44.71154,2018,36.53846,2018,53.36538,2018,-0.4078089,2018,0.1397771,2018,38.46154,2018,28.36539,2018,48.07692,2018,-0.8133885,2018,0.211271,2018,17.61905,2018,12.38095,2018,29.04762,2018,0.1913842,2018,0.1280941,2018,52.70936,2018,44.33498,2018,60.59113,2018,-0.0852262,2018,0.1831254,2018,50,2018,39.42308,2018,62.01923,2018,0.3277881,2018,0.1753201,2018,65.38461,2018,56.25,2018,73.07692
"Comoros","COM",2018,-0.8164125,2018,0.2060391,2018,22.59615,2018,10.57692,2018,37.98077,2018,-1.081078,2018,0.2155484,2018,12.01923,2018,6.25,2018,23.55769,2018,-0.2032647,2018,0.2562913,2018,39.04762,2018,23.80952,2018,53.80952,2018,-0.4373426,2018,0.1525995,2018,33.00492,2018,28.07882,2018,38.42365,2018,-1.639134,2018,0.2342786,2018,3.846154,2018,0.9615384,2018,9.615385,2018,-1.117265,2018,0.2226099,2018,11.05769,2018,5.288462,2018,22.59615
"Cabo Verde","CPV",2018,0.7682196,2018,0.1708981,2018,78.36539,2018,67.78846,2018,82.21154,2018,0.4454568,2018,0.1577282,2018,67.78846,2018,59.13462,2018,75,2018,0.7472337,2018,0.2347493,2018,71.90476,2018,58.09524,2018,89.04762,2018,0.9977438,2018,0.156593,2018,79.80296,2018,71.92118,2018,89.65517,2018,0.3192393,2018,0.2058335,2018,64.42308,2018,51.92308,2018,74.51923,2018,-0.2411533,2018,0.2052808,2018,43.26923,2018,29.80769,2018,59.13462
"Costa Rica","CRI",2018,0.5517608,2018,0.1307023,2018,70.67308,2018,64.90385,2018,77.88461,2018,0.4787028,2018,0.1536184,2018,69.23077,2018,60.09615,2018,75,2018,0.4864345,2018,0.2157381,2018,62.38095,2018,52.85714,2018,75.2381,2018,1.144658,2018,0.1294525,2018,84.72906,2018,78.32513,2018,92.61084,2018,0.3781868,2018,0.2086586,2018,67.78846,2018,54.80769,2018,75.48077,2018,0.479403,2018,0.2076896,2018,69.23077,2018,59.61538,2018,77.40385
"Cuba","CUB",2018,0.1654153,2018,0.1598049,2018,61.05769,2018,53.84615,2018,67.30769,2018,-0.4443496,2018,0.1815135,2018,35.09615,2018,23.55769,2018,48.55769,2018,0.6523342,2018,0.225094,2018,67.61905,2018,56.19048,2018,85.71429,2018,-1.444819,2018,0.1385204,2018,9.852217,2018,4.926108,2018,13.7931,2018,-0.2448378,2018,0.2468503,2018,44.71154,2018,25.48077,2018,58.65385,2018,-1.455965,2018,0.2211003,2018,6.25,2018,2.884615,2018,12.01923
"Cayman Islands","CYM",2018,0.4963436,2018,0.2826696,2018,68.26923,2018,58.65385,2018,81.25,2018,0.7744462,2018,0.2123641,2018,76.44231,2018,66.34615,2018,84.61539,2018,1.149285,2018,0.2831305,2018,90,2018,69.04762,2018,99.52381,2018,0.4919728,2018,0.2493472,2018,64.03941,2018,50.2463,2018,77.3399,2018,1.204366,2018,0.3318715,2018,85.57692,2018,74.51923,2018,95.19231,2018,0.9785166,2018,0.3641367,2018,80.76923,2018,65.86539,2018,91.82692
"Cyprus","CYP",2018,0.6399662,2018,0.1570675,2018,74.03846,2018,67.30769,2018,80.76923,2018,0.7534632,2018,0.1675214,2018,75.96154,2018,69.23077,2018,81.25,2018,0.543319,2018,0.2161918,2018,64.7619,2018,53.33333,2018,79.52381,2018,1.038081,2018,0.1552453,2018,80.78818,2018,72.9064,2018,89.65517,2018,0.9209022,2018,0.2221446,2018,77.88461,2018,72.59615,2018,87.5,2018,1.017323,2018,0.2454936,2018,81.25,2018,73.07692,2018,90.38461
"Czech Republic","CZE",2018,0.5037321,2018,0.1309793,2018,69.23077,2018,63.46154,2018,76.92308,2018,1.04966,2018,0.1409364,2018,81.73077,2018,77.40385,2018,86.53846,2018,1.040143,2018,0.211271,2018,87.14286,2018,69.04762,2018,96.19048,2018,0.930312,2018,0.1309706,2018,78.32513,2018,71.42857,2018,84.72906,2018,0.9222081,2018,0.2132453,2018,78.36539,2018,73.07692,2018,87.5,2018,1.261501,2018,0.1982157,2018,87.01923,2018,79.80769,2018,92.30769
"Germany","DEU",2018,1.946584,2018,0.1434279,2018,95.19231,2018,92.30769,2018,99.51923,2018,1.630446,2018,0.1569692,2018,91.34615,2018,88.46154,2018,98.07692,2018,0.6048951,2018,0.211271,2018,66.66666,2018,55.23809,2018,81.90476,2018,1.422362,2018,0.1437459,2018,95.07389,2018,88.17734,2018,99.50739,2018,1.619633,2018,0.2221446,2018,93.26923,2018,87.01923,2018,98.55769,2018,1.749248,2018,0.2226358,2018,94.71154,2018,89.90385,2018,99.03846
"Djibouti","DJI",2018,-0.7168093,2018,0.1796275,2018,26.44231,2018,14.42308,2018,39.90385,2018,-0.9226128,2018,0.1632201,2018,17.30769,2018,9.134615,2018,27.88461,2018,-0.1341229,2018,0.239692,2018,41.42857,2018,27.61905,2018,55.23809,2018,-1.352054,2018,0.1416328,2018,11.33005,2018,6.403941,2018,17.24138,2018,-0.8990966,2018,0.2128842,2018,17.30769,2018,9.615385,2018,33.17308,2018,-0.7057354,2018,0.1886452,2018,24.51923,2018,12.5,2018,35.57692
"Dominica","DMA",2018,0.5457337,2018,0.2344027,2018,70.19231,2018,60.57692,2018,80.76923,2018,0.6176011,2018,0.2512142,2018,74.03846,2018,59.61538,2018,81.25,2018,1.107935,2018,0.2550432,2018,89.04762,2018,69.04762,2018,98.57143,2018,0.8105155,2018,0.2410059,2018,74.38424,2018,60.59113,2018,88.66995,2018,-0.2895034,2018,0.3493173,2018,40.86538,2018,17.78846,2018,63.94231,2018,0.0820731,2018,0.2547005,2018,57.69231,2018,38.94231,2018,69.71154
"Denmark","DNK",2018,2.147795,2018,0.1451362,2018,98.55769,2018,94.71154,2018,100,2018,1.833378,2018,0.1569692,2018,96.63461,2018,90.38461,2018,100,2018,0.9590668,2018,0.211271,2018,82.38095,2018,66.66666,2018,94.28571,2018,1.611797,2018,0.1455305,2018,98.02956,2018,92.61084,2018,100,2018,1.871631,2018,0.2221446,2018,97.11539,2018,91.82692,2018,100,2018,1.67705,2018,0.2226358,2018,94.23077,2018,87.5,2018,99.03846
"Dominican Republic","DOM",2018,-0.74949,2018,0.1229678,2018,24.51923,2018,16.34615,2018,33.65385,2018,-0.3962312,2018,0.144388,2018,38.94231,2018,28.36539,2018,48.07692,2018,0.0347933,2018,0.2157381,2018,47.61905,2018,34.76191,2018,58.57143,2018,0.1374327,2018,0.1282128,2018,51.23153,2018,41.37931,2018,59.60591,2018,-0.4002573,2018,0.191959,2018,39.42308,2018,22.59615,2018,49.51923,2018,-0.0771244,2018,0.1817735,2018,50.48077,2018,37.01923,2018,61.53846
"Algeria","DZA",2018,-0.636465,2018,0.1556377,2018,28.36539,2018,17.30769,2018,41.34615,2018,-0.7753089,2018,0.1554313,2018,22.11539,2018,15.38461,2018,32.21154,2018,-0.7937849,2018,0.2209855,2018,18.57143,2018,12.38095,2018,29.52381,2018,-0.9809838,2018,0.131522,2018,21.67488,2018,13.7931,2018,25.61576,2018,-0.4439246,2018,0.1942946,2018,37.01923,2018,20.19231,2018,48.07692,2018,-1.263752,2018,0.1984809,2018,8.173077,2018,3.846154,2018,14.90385
"Ecuador","ECU",2018,-0.5617972,2018,0.1256668,2018,32.69231,2018,24.03846,2018,42.30769,2018,-0.6301615,2018,0.15338,2018,28.84615,2018,17.78846,2018,39.90385,2018,-0.0747498,2018,0.2157381,2018,43.33333,2018,29.52381,2018,56.19048,2018,0.0264112,2018,0.1282128,2018,47.29064,2018,38.42365,2018,55.17241,2018,-0.2613976,2018,0.2054188,2018,42.78846,2018,29.80769,2018,55.28846,2018,-0.8901963,2018,0.2002183,2018,16.34615,2018,9.134615,2018,30.28846
"Egypt, Arab Rep.","EGY",2018,-0.5869341,2018,0.1305998,2018,30.76923,2018,23.07692,2018,41.34615,2018,-0.412311,2018,0.1387609,2018,37.5,2018,28.36539,2018,48.07692,2018,-1.164931,2018,0.2157381,2018,11.90476,2018,7.619048,2018,17.61905,2018,-1.284183,2018,0.1242243,2018,13.30049,2018,7.881773,2018,18.71921,2018,-0.5848041,2018,0.1805988,2018,30.76923,2018,17.30769,2018,40.86538,2018,-0.8670051,2018,0.1665556,2018,17.78846,2018,9.615385,2018,29.80769
"Eritrea","ERI",2018,-1.316023,2018,0.1714831,2018,9.134615,2018,1.442308,2018,14.42308,2018,-1.58643,2018,0.1563079,2018,5.288462,2018,1.442308,2018,6.730769,2018,-0.6051562,2018,0.2339885,2018,24.76191,2018,13.80952,2018,38.09524,2018,-2.176343,2018,0.1375619,2018,0.4926108,2018,0,2018,1.970443,2018,-1.727732,2018,0.2029846,2018,2.403846,2018,0.9615384,2018,8.173077,2018,-2.231222,2018,0.1860124,2018,1.923077,2018,0,2018,2.884615
"Spain","ESP",2018,0.613507,2018,0.1434279,2018,72.59615,2018,66.82692,2018,79.80769,2018,0.9689376,2018,0.1569692,2018,80.28846,2018,75,2018,85.57692,2018,0.2548025,2018,0.211271,2018,55.23809,2018,42.38095,2018,66.19048,2018,1.064253,2018,0.1437459,2018,82.75862,2018,74.87685,2018,89.65517,2018,1.002136,2018,0.2221446,2018,79.32692,2018,74.51923,2018,88.46154,2018,0.9452896,2018,0.2226358,2018,80.28846,2018,72.59615,2018,87.5
"Estonia","EST",2018,1.506318,2018,0.1309793,2018,89.90385,2018,87.5,2018,92.30769,2018,1.240627,2018,0.1409364,2018,86.53846,2018,80.76923,2018,89.90385,2018,0.5999668,2018,0.211271,2018,66.19048,2018,54.76191,2018,81.90476,2018,1.21297,2018,0.1323162,2018,89.65517,2018,79.31035,2018,95.56651,2018,1.191938,2018,0.2132453,2018,84.61539,2018,76.92308,2018,91.82692,2018,1.562708,2018,0.1982157,2018,91.82692,2018,86.05769,2018,97.59615
"Ethiopia","ETH",2018,-0.4861672,2018,0.1305998,2018,37.5,2018,26.44231,2018,45.19231,2018,-0.4282891,2018,0.1397717,2018,36.53846,2018,27.88461,2018,48.07692,2018,-1.343246,2018,0.2157381,2018,9.523809,2018,6.666667,2018,13.80952,2018,-1.15887,2018,0.1259813,2018,16.25616,2018,10.83744,2018,21.67488,2018,-0.6074697,2018,0.1808676,2018,29.32692,2018,16.34615,2018,39.90385,2018,-0.9736451,2018,0.1665556,2018,13.94231,2018,8.173077,2018,24.51923
"Finland","FIN",2018,2.21243,2018,0.1451362,2018,100,2018,95.19231,2018,100,2018,2.046279,2018,0.1569692,2018,100,2018,95.19231,2018,100,2018,0.9249202,2018,0.211271,2018,81.90476,2018,65.71429,2018,92.85714,2018,1.612387,2018,0.1455305,2018,98.52217,2018,92.61084,2018,100,2018,1.984208,2018,0.2221446,2018,99.03846,2018,93.26923,2018,100,2018,1.786545,2018,0.2226358,2018,97.11539,2018,90.38461,2018,99.51923
"Fiji","FJI",2018,0.3809974,2018,0.2755803,2018,67.30769,2018,54.80769,2018,79.80769,2018,-0.1286585,2018,0.2978832,2018,50,2018,28.84615,2018,64.42308,2018,0.7425547,2018,0.2638418,2018,70.95238,2018,57.14286,2018,90.95238,2018,0.2166662,2018,0.1687246,2018,54.6798,2018,41.37931,2018,64.03941,2018,0.2595362,2018,0.3493173,2018,62.5,2018,39.90385,2018,76.44231,2018,-0.2195376,2018,0.290707,2018,44.71154,2018,24.51923,2018,62.01923
"France","FRA",2018,1.316893,2018,0.1434279,2018,87.98077,2018,82.21154,2018,90.86539,2018,1.440087,2018,0.1569692,2018,88.94231,2018,85.09615,2018,92.30769,2018,0.1091348,2018,0.211271,2018,51.90476,2018,38.09524,2018,61.42857,2018,1.179415,2018,0.1437459,2018,88.17734,2018,78.32513,2018,94.58128,2018,1.480526,2018,0.2221446,2018,91.82692,2018,82.69231,2018,96.15385,2018,1.173062,2018,0.2226358,2018,83.65385,2018,75.48077,2018,90.86539
"Micronesia, Fed. Sts.","FSM",2018,0.6930298,2018,0.3084422,2018,75.48077,2018,61.53846,2018,84.13461,2018,-0.0186115,2018,0.307847,2018,53.84615,2018,32.21154,2018,69.23077,2018,1.340414,2018,0.2638418,2018,94.7619,2018,79.52381,2018,99.52381,2018,1.146016,2018,0.2962991,2018,87.68473,2018,70.44335,2018,99.50739,2018,-0.1488629,2018,0.3491045,2018,48.07692,2018,22.59615,2018,68.26923,2018,-0.9598854,2018,0.2906961,2018,14.90385,2018,6.25,2018,33.17308
"Gabon","GAB",2018,-0.8512049,2018,0.1424652,2018,19.71154,2018,12.01923,2018,28.84615,2018,-0.7061859,2018,0.1514907,2018,24.51923,2018,16.82692,2018,34.13462,2018,-0.2475997,2018,0.225094,2018,37.61905,2018,23.80952,2018,52.85714,2018,-0.9477494,2018,0.1316689,2018,22.16749,2018,15.76355,2018,27.0936,2018,-0.8122834,2018,0.1907385,2018,18.75,2018,11.53846,2018,34.13462,2018,-0.8840587,2018,0.1780088,2018,16.82692,2018,9.615385,2018,29.80769
"United Kingdom","GBR",2018,1.826577,2018,0.1434279,2018,93.26923,2018,90.86539,2018,96.63461,2018,1.638637,2018,0.1569692,2018,91.82692,2018,88.46154,2018,98.55769,2018,0.0487175,2018,0.211271,2018,48.09524,2018,35.23809,2018,58.57143,2018,1.383976,2018,0.1437459,2018,93.59606,2018,87.68473,2018,99.01478,2018,1.341884,2018,0.2221446,2018,87.98077,2018,78.84615,2018,94.23077,2018,1.761863,2018,0.2226358,2018,96.15385,2018,89.90385,2018,99.03846
"Georgia","GEO",2018,0.7079911,2018,0.1399504,2018,76.44231,2018,67.78846,2018,80.76923,2018,0.3280484,2018,0.1398785,2018,63.94231,2018,57.21154,2018,72.11539,2018,-0.4264878,2018,0.2235309,2018,30,2018,18.57143,2018,43.33333,2018,0.2466903,2018,0.1312635,2018,56.15763,2018,47.29064,2018,61.57635,2018,0.6145709,2018,0.2192134,2018,74.03846,2018,62.01923,2018,78.84615,2018,1.122732,2018,0.1903207,2018,83.17308,2018,75.48077,2018,90.38461
"Ghana","GHA",2018,-0.1149039,2018,0.1273428,2018,52.88462,2018,43.75,2018,59.61538,2018,0.0718521,2018,0.1387609,2018,56.73077,2018,48.07692,2018,61.53846,2018,0.0298971,2018,0.2157381,2018,47.14286,2018,34.28571,2018,58.57143,2018,0.5787039,2018,0.1242243,2018,67.98029,2018,59.60591,2018,72.9064,2018,-0.2102704,2018,0.1805988,2018,46.15385,2018,34.13462,2018,55.28846,2018,-0.0800039,2018,0.1665556,2018,50,2018,37.01923,2018,61.53846
"Guinea","GIN",2018,-1.041717,2018,0.1366014,2018,13.94231,2018,9.134615,2018,22.11539,2018,-1.211506,2018,0.1458903,2018,9.134615,2018,6.25,2018,16.82692,2018,-0.8766674,2018,0.225094,2018,16.66667,2018,11.42857,2018,28.57143,2018,-0.7536743,2018,0.1314224,2018,26.10837,2018,21.67488,2018,31.03448,2018,-0.9709232,2018,0.1805988,2018,16.34615,2018,9.615385,2018,24.03846,2018,-0.7780002,2018,0.1755035,2018,21.63461,2018,12.01923,2018,33.17308
"Gambia, The","GMB",2018,-0.4630391,2018,0.1413654,2018,38.94231,2018,26.92308,2018,46.15385,2018,-0.4307549,2018,0.1519615,2018,36.05769,2018,26.44231,2018,48.07692,2018,-0.0295531,2018,0.225771,2018,44.76191,2018,30.47619,2018,57.61905,2018,-0.1971968,2018,0.1350911,2018,38.42365,2018,33.00492,2018,46.79803,2018,-0.6234712,2018,0.1889838,2018,27.40385,2018,16.34615,2018,39.90385,2018,-0.6317748,2018,0.1777096,2018,28.36539,2018,14.90385,2018,38.46154
"Guinea-Bissau","GNB",2018,-1.533724,2018,0.1658797,2018,3.365385,2018,0,2018,9.615385,2018,-1.234043,2018,0.2169881,2018,8.653846,2018,4.807693,2018,18.26923,2018,-0.6697532,2018,0.2512817,2018,21.90476,2018,12.85714,2018,37.14286,2018,-0.6663399,2018,0.1361283,2018,29.06404,2018,23.15271,2018,32.51231,2018,-1.48785,2018,0.2213432,2018,7.211538,2018,1.442308,2018,11.53846,2018,-1.198666,2018,0.1913441,2018,9.615385,2018,5.288462,2018,16.34615
"Equatorial Guinea","GNQ",2018,-1.559684,2018,0.2119553,2018,2.403846,2018,0,2018,10.57692,2018,-1.41511,2018,0.176928,2018,6.730769,2018,3.365385,2018,10.09615,2018,-0.0511222,2018,0.239692,2018,43.80952,2018,29.04762,2018,57.61905,2018,-1.864524,2018,0.1416042,2018,2.463054,2018,0.9852217,2018,5.91133,2018,-1.29438,2018,0.2363903,2018,9.615385,2018,2.884615,2018,16.34615,2018,-1.557606,2018,0.2181228,2018,4.807693,2018,2.884615,2018,9.134615
"Greece","GRC",2018,-0.0660259,2018,0.1434279,2018,55.76923,2018,44.71154,2018,61.05769,2018,0.1529743,2018,0.1569692,2018,59.13462,2018,50.48077,2018,65.86539,2018,0.0925857,2018,0.211271,2018,50,2018,37.14286,2018,61.42857,2018,0.8573366,2018,0.1455305,2018,75.36946,2018,69.45813,2018,83.25123,2018,0.3382609,2018,0.2221446,2018,65.86539,2018,50.96154,2018,75,2018,0.2950006,2018,0.2226358,2018,64.42308,2018,50.96154,2018,73.07692
"Grenada","GRD",2018,0.3765373,2018,0.208581,2018,66.82692,2018,58.65385,2018,76.92308,2018,0.3104176,2018,0.2501756,2018,62.5,2018,50.96154,2018,75,2018,0.9976301,2018,0.2550432,2018,85.2381,2018,65.71429,2018,96.66666,2018,0.5344329,2018,0.2332783,2018,65.51724,2018,51.23153,2018,77.3399,2018,-0.2529525,2018,0.3347234,2018,43.75,2018,19.23077,2018,63.94231,2018,-0.2930871,2018,0.2602793,2018,40.38462,2018,24.03846,2018,59.61538
"Greenland","GRL",2018,1.177301,2018,0.345219,2018,84.13461,2018,72.11539,2018,92.30769,2018,1.738418,2018,0.2304213,2018,94.23077,2018,87.01923,2018,100,2018,1.939219,2018,0.3751861,2018,100,2018,94.28571,2018,100,2018,1.305925,2018,0.2493472,2018,91.62562,2018,77.3399,2018,99.50739,2018,0.8380827,2018,0.4375256,2018,76.92308,2018,57.69231,2018,91.82692,2018,1.37654,2018,0.4818063,2018,89.90385,2018,72.59615,2018,99.51923
"Guatemala","GTM",2018,-0.8228126,2018,0.1219236,2018,22.11539,2018,14.42308,2018,28.84615,2018,-1.050815,2018,0.144388,2018,13.46154,2018,7.211538,2018,20.67308,2018,-0.541353,2018,0.2157381,2018,27.14286,2018,16.19048,2018,40,2018,-0.3424338,2018,0.1282128,2018,35.46798,2018,31.03448,2018,38.91626,2018,-0.6820061,2018,0.191959,2018,23.55769,2018,15.38461,2018,39.42308,2018,-0.1955709,2018,0.1817735,2018,45.67308,2018,33.17308,2018,59.13462
"Guam","GUM",2018,1.238614,2018,0.4023822,2018,86.53846,2018,71.15385,2018,94.71154,2018,1.363964,2018,0.4841593,2018,87.98077,2018,72.59615,2018,100,2018,0.6334171,2018,0.2825343,2018,67.14286,2018,53.33333,2018,88.09524,2013,0.7834459,2013,0.4573736,2013,72.30047,2013,49.76526,2013,96.24413,2018,0.2727026,2018,0.4585745,2018,63.46154,2018,35.09615,2018,79.32692,2018,0.082563,2018,0.4940268,2018,58.17308,2018,23.55769,2018,78.84615
"Guyana","GUY",2018,-0.2266977,2018,0.1506581,2018,46.63462,2018,37.98077,2018,57.69231,2018,-0.320109,2018,0.1643115,2018,41.82692,2018,29.80769,2018,52.40385,2018,-0.1750658,2018,0.224247,2018,40.95238,2018,26.66667,2018,53.33333,2018,0.2575835,2018,0.1489947,2018,56.65025,2018,46.79803,2018,64.03941,2018,-0.2694839,2018,0.2506322,2018,41.82692,2018,23.55769,2018,58.65385,2018,-0.5320596,2018,0.2072607,2018,32.21154,2018,17.30769,2018,45.67308
"Hong Kong SAR, China","HKG",2018,1.676441,2018,0.1433421,2018,92.30769,2018,89.42308,2018,94.71154,2018,1.771396,2018,0.1588832,2018,95.19231,2018,89.90385,2018,99.51923,2018,0.7943653,2018,0.2392333,2018,74.7619,2018,59.04762,2018,90.95238,2018,0.468593,2018,0.1536049,2018,62.06897,2018,54.6798,2018,71.42857,2018,1.903607,2018,0.2221446,2018,98.07692,2018,91.82692,2018,100,2018,2.206004,2018,0.2226358,2018,100,2018,97.59615,2018,100
"Honduras","HND",2018,-0.6164857,2018,0.1219236,2018,29.32692,2018,22.11539,2018,40.38462,2018,-1.023039,2018,0.144388,2018,16.34615,2018,8.173077,2018,21.63461,2018,-0.550988,2018,0.2157381,2018,26.66667,2018,15.71429,2018,39.04762,2018,-0.5083182,2018,0.1282128,2018,31.52709,2018,27.58621,2018,36.94581,2018,-0.6206585,2018,0.191959,2018,27.88461,2018,16.34615,2018,39.90385,2018,-0.4688137,2018,0.1817735,2018,34.61538,2018,22.11539,2018,46.63462
"Croatia","HRV",2018,0.1316391,2018,0.1267572,2018,60.09615,2018,54.32692,2018,64.90385,2018,0.324786,2018,0.1338652,2018,62.98077,2018,57.69231,2018,71.15385,2018,0.7688776,2018,0.211271,2018,73.80952,2018,60.95238,2018,89.04762,2018,0.5019643,2018,0.1279276,2018,64.53202,2018,57.63547,2018,71.42857,2018,0.4569183,2018,0.1982992,2018,69.23077,2018,58.17308,2018,75.48077,2018,0.4473468,2018,0.180271,2018,68.26923,2018,61.05769,2018,75.48077
"Haiti","HTI",2018,-1.265189,2018,0.1427448,2018,9.615385,2018,3.846154,2018,14.42308,2018,-1.028031,2018,0.1567964,2018,15.86539,2018,7.211538,2018,22.11539,2018,-0.6268144,2018,0.2209855,2018,23.33333,2018,13.80952,2018,36.19048,2018,-0.7454833,2018,0.1379577,2018,26.60098,2018,21.67488,2018,31.03448,2018,-1.909054,2018,0.2063741,2018,1.442308,2018,0,2018,5.288462,2018,-1.224258,2018,0.1935906,2018,8.653846,2018,4.807693,2018,14.90385
"Hungary","HUN",2018,0.053347,2018,0.1309793,2018,59.61538,2018,50.48077,2018,62.5,2018,0.555392,2018,0.1409364,2018,72.11539,2018,62.5,2018,76.92308,2018,0.7552119,2018,0.211271,2018,73.33334,2018,59.04762,2018,88.09524,2018,0.3183424,2018,0.1309706,2018,58.62069,2018,50.73891,2018,64.53202,2018,0.4873109,2018,0.2132453,2018,70.19231,2018,58.17308,2018,76.44231,2018,0.6022686,2018,0.1982157,2018,73.07692,2018,62.5,2018,78.84615
"Indonesia","IDN",2018,-0.2515447,2018,0.12446,2018,46.15385,2018,38.94231,2018,56.25,2018,-0.3149146,2018,0.1448283,2018,42.78846,2018,31.25,2018,51.44231,2018,-0.5334369,2018,0.211271,2018,27.61905,2018,16.19048,2018,40,2018,0.1797367,2018,0.1296873,2018,52.21675,2018,44.33498,2018,60.59113,2018,0.1798754,2018,0.1955121,2018,59.13462,2018,48.07692,2018,70.67308,2018,-0.0712725,2018,0.1753201,2018,50.96154,2018,37.01923,2018,61.53846
"India","IND",2018,-0.186293,2018,0.12446,2018,49.51923,2018,40.86538,2018,57.69231,2018,0.0262165,2018,0.1448283,2018,55.28846,2018,47.11538,2018,61.53846,2018,-0.9565214,2018,0.211271,2018,14.7619,2018,10.95238,2018,23.80952,2018,0.3788327,2018,0.1296873,2018,60.09852,2018,51.72414,2018,68.47291,2018,0.2830485,2018,0.1955121,2018,63.94231,2018,50.96154,2018,73.55769,2018,-0.1836544,2018,0.1753201,2018,46.63462,2018,34.13462,2018,59.13462
"Ireland","IRL",2018,1.547376,2018,0.1593191,2018,90.86539,2018,87.5,2018,92.78846,2018,1.464224,2018,0.1675214,2018,89.90385,2018,85.09615,2018,94.23077,2018,1.030591,2018,0.2161918,2018,86.19048,2018,68.57143,2018,96.19048,2018,1.31875,2018,0.1552453,2018,92.11823,2018,82.26601,2018,96.55173,2018,1.420338,2018,0.2221446,2018,89.90385,2018,79.80769,2018,95.67308,2018,1.595356,2018,0.2454936,2018,92.78846,2018,85.57692,2018,98.55769
"Iran, Islamic Rep.","IRN",2018,-0.9588165,2018,0.1385525,2018,15.86539,2018,10.57692,2018,25,2018,-0.6936132,2018,0.1601298,2018,25,2018,16.82692,2018,35.57692,2018,-1.306763,2018,0.2157381,2018,10.95238,2018,6.666667,2018,14.7619,2018,-1.317932,2018,0.1311201,2018,12.80788,2018,6.403941,2018,18.2266,2018,-0.4302173,2018,0.2233855,2018,37.5,2018,19.71154,2018,50.48077,2018,-1.296409,2018,0.2002183,2018,7.692307,2018,3.846154,2018,14.42308
"Iraq","IRQ",2018,-1.399408,2018,0.1513708,2018,7.211538,2018,0.4807692,2018,10.57692,2018,-1.759291,2018,0.1664428,2018,3.365385,2018,0.9615384,2018,5.769231,2018,-2.55586,2018,0.225094,2018,1.428571,2018,0,2018,4.285714,2018,-0.987156,2018,0.1368405,2018,21.18227,2018,13.7931,2018,25.61576,2018,-1.320548,2018,0.2219135,2018,9.134615,2018,2.884615,2018,16.34615,2018,-1.218958,2018,0.2069049,2018,9.134615,2018,4.326923,2018,17.30769
"Iceland","ISL",2018,1.843649,2018,0.1593191,2018,93.75,2018,90.86539,2018,97.59615,2018,1.719734,2018,0.1675214,2018,93.26923,2018,88.94231,2018,99.51923,2018,1.412426,2018,0.2161918,2018,96.66666,2018,87.61905,2018,99.52381,2018,1.412682,2018,0.1552453,2018,94.58128,2018,87.68473,2018,99.50739,2018,1.465655,2018,0.2221446,2018,91.34615,2018,81.73077,2018,95.67308,2018,1.417764,2018,0.2454936,2018,90.38461,2018,80.76923,2018,97.59615
"Israel","ISR",2018,0.7865694,2018,0.1593191,2018,79.32692,2018,69.23077,2018,82.21154,2018,0.9939096,2018,0.1675214,2018,80.76923,2018,75,2018,86.53846,2018,-0.9324778,2018,0.2161918,2018,15.2381,2018,10.95238,2018,25.23809,2018,0.6511905,2018,0.1552453,2018,69.95074,2018,60.59113,2018,77.3399,2018,1.208207,2018,0.2221446,2018,86.05769,2018,76.92308,2018,91.82692,2018,1.247308,2018,0.2454936,2018,86.53846,2018,77.40385,2018,93.26923
"Italy","ITA",2018,0.2356188,2018,0.1434279,2018,62.01923,2018,57.69231,2018,67.78846,2018,0.2467615,2018,0.1569692,2018,61.53846,2018,53.84615,2018,69.71154,2018,0.3111933,2018,0.211271,2018,57.61905,2018,43.80952,2018,68.57143,2018,1.045518,2018,0.1437459,2018,81.7734,2018,73.89162,2018,89.65517,2018,0.4138835,2018,0.2221446,2018,68.26923,2018,55.28846,2018,75.48077,2018,0.6714953,2018,0.2226358,2018,73.55769,2018,64.42308,2018,81.73077
"Jamaica","JAM",2018,-0.1643905,2018,0.1374016,2018,50,2018,40.86538,2018,59.61538,2018,-0.2359448,2018,0.148726,2018,46.15385,2018,33.17308,2018,54.32692,2018,0.4869154,2018,0.2157381,2018,62.85714,2018,52.85714,2018,75.2381,2018,0.6169987,2018,0.132454,2018,68.96552,2018,60.59113,2018,74.87685,2018,0.4967112,2018,0.2117915,2018,70.67308,2018,58.65385,2018,76.92308,2018,0.2784449,2018,0.1873093,2018,62.98077,2018,54.80769,2018,72.59615
"Jordan","JOR",2018,0.1495421,2018,0.1293368,2018,60.57692,2018,55.76923,2018,65.86539,2018,0.2337911,2018,0.1448283,2018,60.57692,2018,53.84615,2018,68.75,2018,-0.3794051,2018,0.211271,2018,31.42857,2018,19.52381,2018,43.80952,2018,-0.7017328,2018,0.129805,2018,28.07882,2018,22.6601,2018,32.0197,2018,0.112718,2018,0.1955121,2018,57.21154,2018,46.63462,2018,68.75,2018,0.0834205,2018,0.1753201,2018,58.65385,2018,45.19231,2018,65.86539
"Japan","JPN",2018,1.424772,2018,0.1390601,2018,89.42308,2018,84.13461,2018,91.82692,2018,1.534107,2018,0.1569692,2018,90.38461,2018,86.53846,2018,95.19231,2018,1.059693,2018,0.211271,2018,88.09524,2018,70,2018,96.19048,2018,1.022638,2018,0.1455305,2018,80.29556,2018,72.9064,2018,89.65517,2018,1.675817,2018,0.2221446,2018,94.23077,2018,87.5,2018,99.51923,2018,1.329213,2018,0.2226358,2018,87.98077,2018,80.28846,2018,94.23077
"Kazakhstan","KAZ",2018,-0.5017262,2018,0.1267572,2018,36.05769,2018,26.44231,2018,44.71154,2018,-0.4316052,2018,0.1338652,2018,35.57692,2018,27.88461,2018,47.11538,2018,0.0004052,2018,0.211271,2018,45.71429,2018,32.85714,2018,57.61905,2018,-1.171871,2018,0.1279276,2018,15.76355,2018,10.83744,2018,21.67488,2018,0.0217204,2018,0.1982992,2018,54.32692,2018,39.90385,2018,66.34615,2018,0.1406443,2018,0.180271,2018,60.09615,2018,46.63462,2018,66.82692
"Kenya","KEN",2018,-0.8520129,2018,0.1273428,2018,19.23077,2018,12.98077,2018,27.88461,2018,-0.4110505,2018,0.1387609,2018,37.98077,2018,28.36539,2018,48.07692,2018,-1.164113,2018,0.2157381,2018,12.38095,2018,7.619048,2018,17.61905,2018,-0.3606543,2018,0.1242243,2018,34.97537,2018,31.03448,2018,38.91626,2018,-0.4108523,2018,0.1805988,2018,38.94231,2018,22.59615,2018,48.07692,2018,-0.2266058,2018,0.1665556,2018,43.75,2018,32.69231,2018,56.73077
"Kyrgyz Republic","KGZ",2018,-0.9542972,2018,0.1436955,2018,16.34615,2018,10.57692,2018,25.96154,2018,-0.9076821,2018,0.1443827,2018,17.78846,2018,9.615385,2018,27.88461,2018,-0.5820286,2018,0.2284874,2018,25.23809,2018,14.28571,2018,38.57143,2018,-0.3742365,2018,0.1347864,2018,33.99015,2018,30.04926,2018,38.91626,2018,-0.6115379,2018,0.2317764,2018,28.84615,2018,15.38461,2018,45.67308,2018,-0.3499378,2018,0.1931404,2018,37.98077,2018,25.48077,2018,54.32692
"Cambodia","KHM",2018,-1.325572,2018,0.1428904,2018,8.653846,2018,1.923077,2018,12.01923,2018,-1.114671,2018,0.1523167,2018,11.05769,2018,6.730769,2018,18.26923,2018,0.108229,2018,0.2235309,2018,51.42857,2018,37.14286,2018,61.42857,2018,-1.221331,2018,0.1345571,2018,13.7931,2018,9.852217,2018,20.19704,2018,-0.568605,2018,0.2191608,2018,32.21154,2018,16.34615,2018,46.63462,2018,-0.5049168,2018,0.1903177,2018,32.69231,2018,19.23077,2018,45.67308
"Kiribati","KIR",2018,0.3364136,2018,0.3084422,2018,64.90385,2018,49.51923,2018,79.80769,2018,0.4933382,2018,0.3165517,2018,69.71154,2018,53.36538,2018,81.25,2018,1.033781,2018,0.2978511,2018,86.66666,2018,65.71429,2018,98.57143,2018,1.146016,2018,0.2962991,2018,87.68473,2018,70.44335,2018,99.50739,2018,-0.2764392,2018,0.3491045,2018,41.34615,2018,18.26923,2018,63.94231,2018,-0.7703612,2018,0.2906961,2018,22.11539,2018,8.173077,2018,39.90385
"St. Kitts and Nevis","KNA",2018,0.4525903,2018,0.2648852,2018,67.78846,2018,57.69231,2018,80.76923,2018,0.5333768,2018,0.3102893,2018,71.15385,2018,54.80769,2018,81.25,2018,0.7104676,2018,0.2550432,2018,70,2018,56.19048,2018,89.04762,2018,0.8967314,2018,0.2410059,2018,77.3399,2018,64.03941,2018,89.65517,2018,0.5514148,2018,0.4585745,2018,72.59615,2018,46.63462,2018,87.5,2018,0.5108522,2018,0.360859,2018,70.19231,2018,49.51923,2018,82.21154
"Korea, Rep.","KOR",2018,0.6041095,2018,0.1338417,2018,72.11539,2018,67.30769,2018,79.80769,2018,1.23655,2018,0.154149,2018,86.05769,2018,80.28846,2018,89.90385,2018,0.5449707,2018,0.211271,2018,65.2381,2018,53.33333,2018,79.52381,2018,0.7960598,2018,0.1309706,2018,73.89162,2018,68.47291,2018,79.80296,2018,1.182665,2018,0.2132453,2018,84.13461,2018,76.44231,2018,91.82692,2018,1.094949,2018,0.1982157,2018,82.21154,2018,75.48077,2018,90.38461
"Kosovo","KSV",2018,-0.5190393,2018,0.1800099,2018,35.57692,2018,22.59615,2018,46.63462,2018,-0.3709781,2018,0.1596736,2018,40.38462,2018,28.36539,2018,50.48077,2018,-0.6054888,2018,0.239692,2018,24.28572,2018,13.80952,2018,38.57143,2018,-0.1200815,2018,0.1462332,2018,39.90148,2018,34.97537,2018,50.73891,2018,-0.4283053,2018,0.2608061,2018,37.98077,2018,18.26923,2018,53.36538,2018,-0.2767387,2018,0.2205699,2018,41.34615,2018,27.88461,2018,59.13462
"Kuwait","KWT",2018,-0.2894283,2018,0.1607612,2018,45.19231,2018,33.65385,2018,56.25,2018,0.2107496,2018,0.1724408,2018,60.09615,2018,51.44231,2018,69.71154,2018,0.1102895,2018,0.2209855,2018,52.38095,2018,37.14286,2018,61.42857,2018,-0.5891867,2018,0.1397908,2018,30.54187,2018,25.12315,2018,34.97537,2018,-0.0878059,2018,0.22757,2018,49.51923,2018,35.57692,2018,63.94231,2018,-0.0356316,2018,0.2258712,2018,54.32692,2018,35.57692,2018,65.38461
"Lao PDR","LAO",2018,-0.9826739,2018,0.1663792,2018,15.38461,2018,9.615385,2018,26.44231,2018,-0.8425543,2018,0.1625107,2018,18.75,2018,11.05769,2018,30.76923,2018,0.415007,2018,0.2293836,2018,60,2018,47.61905,2018,74.28571,2018,-1.739436,2018,0.1440084,2018,4.433497,2018,1.477833,2018,7.389163,2018,-0.672724,2018,0.2215988,2018,24.51923,2018,14.42308,2018,39.90385,2018,-0.7918289,2018,0.2040121,2018,20.67308,2018,10.57692,2018,34.61538
"Lebanon","LBN",2018,-1.108917,2018,0.1385525,2018,12.01923,2018,8.173077,2018,17.30769,2018,-0.7644128,2018,0.1601298,2018,23.55769,2018,15.86539,2018,32.69231,2018,-1.644891,2018,0.2157381,2018,7.142857,2018,5.238095,2018,10.95238,2018,-0.4990998,2018,0.1298104,2018,32.0197,2018,27.58621,2018,36.94581,2018,-0.6402023,2018,0.2233855,2018,25.96154,2018,14.90385,2018,41.34615,2018,-0.3416829,2018,0.2002183,2018,38.46154,2018,25.48077,2018,55.28846
"Liberia","LBR",2018,-0.8509958,2018,0.1305735,2018,20.19231,2018,12.5,2018,27.88461,2018,-0.9890524,2018,0.1435289,2018,16.82692,2018,8.653846,2018,23.55769,2018,-0.1924032,2018,0.2201839,2018,40,2018,26.19048,2018,53.33333,2018,-0.0432927,2018,0.1271977,2018,43.34975,2018,36.94581,2018,51.72414,2018,-1.340831,2018,0.1874648,2018,8.653846,2018,3.365385,2018,14.42308,2018,-0.9712892,2018,0.1684377,2018,14.42308,2018,8.173077,2018,24.51923
"Libya","LBY",2018,-1.552711,2018,0.1633003,2018,2.884615,2018,0,2018,9.134615,2018,-1.78583,2018,0.1651548,2018,2.403846,2018,0.4807692,2018,5.288462,2018,-2.441388,2018,0.225094,2018,1.904762,2018,0,2018,4.761905,2018,-1.520825,2018,0.1338716,2018,6.896552,2018,3.940887,2018,12.80788,2018,-1.847037,2018,0.2074994,2018,1.923077,2018,0.9615384,2018,6.730769,2018,-2.278996,2018,0.2021265,2018,1.442308,2018,0,2018,2.884615
"St. Lucia","LCA",2018,0.5362028,2018,0.2344027,2018,69.71154,2018,60.57692,2018,80.76923,2018,0.5592496,2018,0.2467966,2018,72.59615,2018,59.13462,2018,79.80769,2018,1.013306,2018,0.2550432,2018,85.71429,2018,65.71429,2018,97.61905,2018,0.8583953,2018,0.2410059,2018,75.86207,2018,61.57635,2018,89.65517,2018,0.1956703,2018,0.3493173,2018,61.53846,2018,39.42308,2018,75.48077,2018,0.2870998,2018,0.2547005,2018,63.94231,2018,48.07692,2018,75
"Liechtenstein","LIE",2018,2.00771,2018,0.2826696,2018,95.67308,2018,90.38461,2018,100,2018,1.678037,2018,0.2123641,2018,92.30769,2018,87.01923,2018,99.51923,2018,1.484191,2018,0.2643271,2018,98.09524,2018,87.61905,2018,99.52381,2018,1.319968,2018,0.1853313,2018,92.61084,2018,79.80296,2018,99.50739,2018,1.739037,2018,0.3318715,2018,95.19231,2018,84.61539,2018,100,2018,1.532828,2018,0.3168955,2018,90.86539,2018,80.76923,2018,99.03846
"Sri Lanka","LKA",2018,-0.3355435,2018,0.1328733,2018,43.26923,2018,33.65385,2018,52.40385,2018,0.0263234,2018,0.150461,2018,55.76923,2018,47.11538,2018,61.53846,2018,-0.1831642,2018,0.2157381,2018,40.47619,2018,27.14286,2018,53.33333,2018,0.0087836,2018,0.1269559,2018,46.79803,2018,37.93103,2018,54.6798,2018,-0.2353793,2018,0.208406,2018,45.19231,2018,31.25,2018,55.76923,2018,-0.1522742,2018,0.1817735,2018,47.11538,2018,34.61538,2018,60.09615
"Lesotho","LSO",2018,-0.1033081,2018,0.1712405,2018,53.84615,2018,40.86538,2018,61.05769,2018,-0.3366604,2018,0.1545821,2018,41.34615,2018,29.80769,2018,51.44231,2018,-0.2183286,2018,0.2347493,2018,38.57143,2018,24.76191,2018,53.33333,2018,0.0843929,2018,0.1419463,2018,50.73891,2018,38.91626,2018,58.12808,2018,-0.8609057,2018,0.19978,2018,18.26923,2018,10.57692,2018,33.65385,2018,-0.4965023,2018,0.1915825,2018,33.17308,2018,19.71154,2018,46.63462
"Lithuania","LTU",2018,0.4978957,2018,0.1411197,2018,68.75,2018,62.5,2018,77.40385,2018,0.9573604,2018,0.1484249,2018,79.80769,2018,75,2018,85.09615,2018,0.752799,2018,0.2161918,2018,72.85714,2018,58.57143,2018,88.57143,2018,0.9233596,2018,0.1394906,2018,77.83251,2018,71.42857,2018,87.68473,2018,1.072398,2018,0.2132453,2018,80.76923,2018,75.48077,2018,89.90385,2018,1.113281,2018,0.2138331,2018,82.69231,2018,75.48077,2018,90.38461
"Luxembourg","LUX",2018,2.087755,2018,0.165854,2018,97.11539,2018,92.78846,2018,100,2018,1.810886,2018,0.1698539,2018,95.67308,2018,89.90385,2018,100,2018,1.373404,2018,0.2161918,2018,96.19048,2018,85.71429,2018,99.52381,2018,1.566906,2018,0.1651632,2018,96.55173,2018,89.65517,2018,100,2018,1.778221,2018,0.2221446,2018,95.67308,2018,89.42308,2018,99.51923,2018,1.757206,2018,0.2454936,2018,95.19231,2018,88.94231,2018,99.51923
"Latvia","LVA",2018,0.3285871,2018,0.1411197,2018,64.42308,2018,59.61538,2018,70.67308,2018,0.9569856,2018,0.1484249,2018,79.32692,2018,75,2018,85.09615,2018,0.4215345,2018,0.2161918,2018,60.95238,2018,48.57143,2018,73.80952,2018,0.8133246,2018,0.1394906,2018,74.87685,2018,68.47291,2018,81.28078,2018,1.043452,2018,0.2132453,2018,79.80769,2018,75,2018,88.94231,2018,1.189894,2018,0.2138331,2018,85.57692,2018,77.40385,2018,90.86539
"Macao SAR, China","MAC",2018,0.7156818,2018,0.2530471,2018,76.92308,2018,63.46154,2018,82.69231,2018,1.009767,2018,0.2096753,2018,81.25,2018,75,2018,87.01923,2018,1.262964,2018,0.2831305,2018,92.85714,2018,74.7619,2018,99.52381,2018,-0.0506621,2018,0.2493472,2018,42.85714,2018,32.51231,2018,59.60591,2018,1.204366,2018,0.3318715,2018,85.57692,2018,74.51923,2018,95.19231,2018,1.609498,2018,0.3168955,2018,93.26923,2018,81.73077,2018,99.03846
"Morocco","MAR",2018,-0.2164034,2018,0.1279012,2018,47.59615,2018,39.90385,2018,57.21154,2018,-0.1384849,2018,0.1387609,2018,49.51923,2018,40.38462,2018,56.73077,2018,-0.3318862,2018,0.2157381,2018,33.80952,2018,21.42857,2018,46.66667,2018,-0.6630427,2018,0.1243278,2018,29.55665,2018,23.64532,2018,32.51231,2018,-0.2092959,2018,0.1805988,2018,46.63462,2018,34.13462,2018,55.28846,2018,-0.2429393,2018,0.1665556,2018,42.78846,2018,32.21154,2018,56.25
"Monaco","MCO",NA,NA,NA,NA,NA,NA,NA,NA,NA,NA,2013,0.9354892,2013,0.6541734,2013,78.87324,2013,51.17371,2013,100,2018,1.612102,2018,0.4116422,2018,99.52381,2018,81.90476,2018,100,2018,0.660958,2018,0.2962991,2018,71.42857,2018,51.72414,2018,87.68473,NA,NA,NA,NA,NA,NA,NA,NA,NA,NA,NA,NA,NA,NA,NA,NA,NA,NA,NA,NA
"Moldova","MDA",2018,-0.7267502,2018,0.1267872,2018,25.96154,2018,16.34615,2018,35.57692,2018,-0.413572,2018,0.1381013,2018,37.01923,2018,28.36539,2018,48.07692,2018,-0.3490165,2018,0.2157381,2018,32.85714,2018,20.47619,2018,45.71429,2018,-0.1066419,2018,0.1281803,2018,40.8867,2018,35.96059,2018,50.73891,2018,-0.4665205,2018,0.208406,2018,35.57692,2018,18.75,2018,48.07692,2018,-0.0490203,2018,0.1817735,2018,51.92308,2018,37.98077,2018,61.53846
"Madagascar","MDG",2018,-1.000727,2018,0.132053,2018,14.90385,2018,10.57692,2018,23.55769,2018,-0.8139714,2018,0.1435532,2018,21.15385,2018,13.46154,2018,30.76923,2018,-0.5190363,2018,0.2195558,2018,28.09524,2018,16.19048,2018,40.95238,2018,-0.3094514,2018,0.1255846,2018,36.4532,2018,31.03448,2018,40.8867,2018,-1.153121,2018,0.1907385,2018,11.05769,2018,7.211538,2018,18.26923,2018,-0.7334517,2018,0.1686924,2018,23.55769,2018,12.5,2018,34.61538
"Maldives","MDV",2018,-0.8930011,2018,0.2663879,2018,17.30769,2018,8.173077,2018,38.94231,2018,-0.5495973,2018,0.2909903,2018,31.73077,2018,15.86539,2018,51.44231,2018,0.0950901,2018,0.2638418,2018,50.47619,2018,32.85714,2018,63.33333,2018,-0.6604531,2018,0.2298527,2018,30.04926,2018,19.21182,2018,36.94581,2018,-0.4884941,2018,0.3397982,2018,35.09615,2018,13.94231,2018,55.28846,2018,-0.4830082,2018,0.2906961,2018,33.65385,2018,14.90385,2018,55.76923
"Mexico","MEX",2018,-0.8628517,2018,0.1182229,2018,18.75,2018,12.98077,2018,27.40385,2018,-0.6737109,2018,0.1397771,2018,27.40385,2018,17.78846,2018,34.61538,2018,-0.572437,2018,0.211271,2018,25.71428,2018,15.71429,2018,38.09524,2018,-0.0059178,2018,0.1280941,2018,45.81281,2018,37.93103,2018,52.70936,2018,-0.153388,2018,0.1831254,2018,47.59615,2018,35.57692,2018,58.65385,2018,0.1509804,2018,0.1753201,2018,60.57692,2018,47.59615,2018,66.82692
"Marshall Islands","MHL",2018,-0.0740994,2018,0.4364688,2018,54.80769,2018,23.55769,2018,74.51923,2018,-0.0471537,2018,0.3723488,2018,52.88462,2018,27.88461,2018,72.59615,2018,0.8627383,2018,0.5967359,2018,77.61905,2018,42.38095,2018,99.52381,2018,1.146016,2018,0.2962991,2018,87.68473,2018,70.44335,2018,99.50739,2018,-1.554391,2018,0.4794844,2018,6.25,2018,0,2018,19.71154,2018,-1.138546,2018,0.4021414,2018,10.09615,2018,2.884615,2018,33.65385
"Macedonia, FYR","MKD",2017,-0.3068783,2017,0.1498331,2017,45.19231,2017,33.17308,2017,54.80769,2017,-0.2419224,2017,0.1515894,2017,46.63462,2017,33.17308,2017,53.36538,2017,-0.2490147,2017,0.2234727,2017,37.14286,2017,24.28572,2017,50.47619,2017,-0.1403402,2017,0.1287977,2017,41.87192,2017,34.48276,2017,48.27586,2017,0.1400139,2017,0.2455149,2017,58.17308,2017,41.82692,2017,70.19231,2017,0.504985,2017,0.1979086,2017,71.15385,2017,61.05769,2017,76.44231
"Mali","MLI",2018,-0.695331,2018,0.1366014,2018,26.92308,2018,16.34615,2018,38.46154,2018,-0.7977482,2018,0.1458903,2018,21.63461,2018,14.90385,2018,30.76923,2018,-2.05126,2018,0.2209855,2018,5.238095,2018,2.380952,2018,6.666667,2018,-0.3091827,2018,0.1301037,2018,36.94581,2018,31.03448,2018,40.8867,2018,-1.004638,2018,0.1805988,2018,15.38461,2018,9.134615,2018,22.59615,2018,-0.5496903,2018,0.1755035,2018,30.76923,2018,18.75,2018,41.34615
"Malta","MLT",2018,0.5799018,2018,0.1765664,2018,71.63461,2018,63.46154,2018,80.28846,2018,1.053974,2018,0.1783303,2018,82.21154,2018,75.96154,2018,87.01923,2018,1.294193,2018,0.2209855,2018,93.80952,2018,81.90476,2018,99.52381,2018,1.123317,2018,0.1654177,2018,83.74384,2018,74.87685,2018,93.59606,2018,0.968796,2018,0.2384822,2018,78.84615,2018,73.07692,2018,87.98077,2018,1.336778,2018,0.2642237,2018,88.46154,2018,78.84615,2018,96.15385
"Myanmar","MMR",2018,-0.588294,2018,0.1370455,2018,30.28846,2018,22.59615,2018,42.30769,2018,-1.032579,2018,0.1555997,2018,15.38461,2018,7.211538,2018,21.63461,2018,-1.309011,2018,0.2195558,2018,10.47619,2018,6.666667,2018,14.7619,2018,-0.8873216,2018,0.1300479,2018,23.64532,2018,18.2266,2018,28.07882,2018,-1.068652,2018,0.2218589,2018,12.5,2018,7.692307,2018,22.59615,2018,-0.7531742,2018,0.1845587,2018,22.59615,2018,12.01923,2018,34.61538
"Montenegro","MNE",2018,0.0227987,2018,0.1581797,2018,58.17308,2018,46.15385,2018,63.46154,2018,0.0987423,2018,0.1529191,2018,57.69231,2018,48.07692,2018,64.42308,2018,0.1080209,2018,0.2347493,2018,50.95238,2018,35.71429,2018,62.85714,2018,0.0801339,2018,0.144128,2018,50.2463,2018,38.91626,2018,58.12808,2018,0.1311615,2018,0.2318387,2018,58.17308,2018,43.75,2018,71.15385,2018,0.3625335,2018,0.2075045,2018,65.86539,2018,56.25,2018,75
"Mongolia","MNG",2018,-0.4277897,2018,0.1271622,2018,39.90385,2018,28.36539,2018,46.63462,2018,-0.2664937,2018,0.1444437,2018,44.71154,2018,32.69231,2018,52.88462,2018,0.7887995,2018,0.211271,2018,74.28571,2018,61.42857,2018,89.04762,2018,0.2625469,2018,0.1296873,2018,57.14286,2018,48.76847,2018,62.56158,2018,-0.2333477,2018,0.1954748,2018,45.67308,2018,33.17308,2018,55.28846,2018,-0.0298508,2018,0.1753177,2018,54.80769,2018,39.42308,2018,62.01923
"Mozambique","MOZ",2018,-0.7813797,2018,0.1372914,2018,24.03846,2018,14.42308,2018,32.69231,2018,-1.043689,2018,0.1463363,2018,14.42308,2018,7.211538,2018,21.15385,2018,-0.7836707,2018,0.2209855,2018,19.04762,2018,12.38095,2018,30,2018,-0.4674458,2018,0.1302225,2018,32.51231,2018,28.07882,2018,36.94581,2018,-0.8742813,2018,0.1819557,2018,17.78846,2018,10.57692,2018,31.25,2018,-0.7263409,2018,0.1755035,2018,24.03846,2018,12.5,2018,35.09615
"Mauritania","MRT",2018,-0.8072538,2018,0.1604078,2018,23.07692,2018,12.01923,2018,34.13462,2018,-0.6859449,2018,0.1496957,2018,26.44231,2018,16.82692,2018,35.09615,2018,-0.6677783,2018,0.2293836,2018,22.38095,2018,12.85714,2018,35.23809,2018,-0.8540774,2018,0.1371416,2018,24.13793,2018,18.71921,2018,30.04926,2018,-0.7266325,2018,0.1893241,2018,22.59615,2018,14.42308,2018,37.98077,2018,-0.8108506,2018,0.1831593,2018,19.71154,2018,11.53846,2018,32.21154
"Mauritius","MUS",2018,0.2696345,2018,0.1544845,2018,62.98077,2018,57.69231,2018,69.23077,2018,0.7796614,2018,0.1484559,2018,76.92308,2018,71.15385,2018,81.25,2018,0.872838,2018,0.2293836,2018,79.04762,2018,62.85714,2018,92.38095,2018,0.7605995,2018,0.136355,2018,72.4138,2018,66.00985,2018,78.81773,2018,0.8760849,2018,0.1890158,2018,77.40385,2018,73.07692,2018,84.13461,2018,1.027193,2018,0.1831593,2018,81.73077,2018,75.48077,2018,87.5
"Malawi","MWI",2018,-0.7433892,2018,0.1305735,2018,25,2018,15.86539,2018,34.61538,2018,-0.3802995,2018,0.1435289,2018,39.90385,2018,28.84615,2018,49.03846,2018,-0.3250225,2018,0.2201839,2018,34.28571,2018,21.42857,2018,47.61905,2018,-0.058092,2018,0.1271977,2018,42.36453,2018,36.94581,2018,51.23153,2018,-0.7286705,2018,0.1874648,2018,22.11539,2018,14.42308,2018,37.98077,2018,-0.6708331,2018,0.1684377,2018,25.48077,2018,14.90385,2018,35.57692
"Malaysia","MYS",2018,0.3139765,2018,0.1299314,2018,63.94231,2018,59.61538,2018,69.23077,2018,0.6233374,2018,0.1454671,2018,74.51923,2018,64.42308,2018,77.88461,2018,0.2373901,2018,0.211271,2018,54.28571,2018,42.38095,2018,65.71429,2018,-0.083688,2018,0.1310919,2018,41.37931,2018,36.94581,2018,50.73891,2018,1.075348,2018,0.2000997,2018,81.25,2018,75.48077,2018,89.42308,2018,0.682474,2018,0.180271,2018,74.03846,2018,65.86539,2018,80.28846
"Namibia","NAM",2018,0.3399599,2018,0.1427035,2018,65.38461,2018,59.61538,2018,70.67308,2018,0.2449811,2018,0.1557216,2018,61.05769,2018,53.84615,2018,69.71154,2018,0.6537775,2018,0.2209855,2018,68.09524,2018,56.19048,2018,85.71429,2018,0.4862734,2018,0.1302225,2018,63.05419,2018,57.63547,2018,71.42857,2018,0.106442,2018,0.1932953,2018,56.25,2018,45.67308,2018,68.26923,2018,-0.052499,2018,0.1919297,2018,51.44231,2018,37.01923,2018,62.01923
"Niger","NER",2018,-0.5798146,2018,0.1424652,2018,31.25,2018,22.59615,2018,42.78846,2018,-0.5802284,2018,0.1514907,2018,30.28846,2018,19.23077,2018,41.34615,2018,-1.260566,2018,0.225094,2018,11.42857,2018,7.142857,2018,16.19048,2018,-0.5845156,2018,0.1303428,2018,31.03448,2018,25.61576,2018,33.99015,2018,-0.7660425,2018,0.1907385,2018,20.19231,2018,12.01923,2018,35.57692,2018,-0.6404533,2018,0.1780088,2018,27.88461,2018,14.90385,2018,37.98077
"Nigeria","NGA",2018,-1.04489,2018,0.1273428,2018,13.46154,2018,9.615385,2018,21.15385,2018,-0.8809231,2018,0.1387609,2018,18.26923,2018,11.05769,2018,27.88461,2018,-2.1927,2018,0.2157381,2018,4.285714,2018,1.428571,2018,5.238095,2018,-0.4079276,2018,0.1242243,2018,33.49754,2018,30.04926,2018,37.93103,2018,-1.022591,2018,0.1805988,2018,14.90385,2018,9.134615,2018,22.59615,2018,-0.8825297,2018,0.1665556,2018,17.30769,2018,9.615385,2018,29.32692
"Nicaragua","NIC",2018,-1.06336,2018,0.1219236,2018,12.98077,2018,9.615385,2018,18.26923,2018,-1.039721,2018,0.144388,2018,14.90385,2018,7.692307,2018,21.15385,2018,-0.8013505,2018,0.2157381,2018,18.09524,2018,12.38095,2018,29.04762,2018,-1.083065,2018,0.1282128,2018,18.71921,2018,12.80788,2018,23.64532,2018,-0.8024699,2018,0.191959,2018,19.23077,2018,11.53846,2018,35.09615,2018,-0.6863752,2018,0.1817735,2018,25,2018,12.98077,2018,35.57692
"Netherlands","NLD",2018,2.009026,2018,0.1434279,2018,96.15385,2018,92.30769,2018,100,2018,1.816361,2018,0.1569692,2018,96.15385,2018,90.38461,2018,100,2018,0.8682934,2018,0.211271,2018,78.09524,2018,63.33333,2018,92.38095,2018,1.596444,2018,0.1455305,2018,97.04433,2018,92.61084,2018,100,2018,1.850466,2018,0.2221446,2018,96.63461,2018,91.82692,2018,99.51923,2018,2.01824,2018,0.2226358,2018,99.03846,2018,93.26923,2018,100
"Norway","NOR",2018,2.089907,2018,0.1451362,2018,97.59615,2018,94.23077,2018,100,2018,1.965631,2018,0.1569692,2018,99.51923,2018,92.30769,2018,100,2018,1.153804,2018,0.211271,2018,90.47619,2018,74.7619,2018,98.09524,2018,1.732547,2018,0.1437459,2018,100,2018,95.56651,2018,100,2018,1.887119,2018,0.2221446,2018,97.59615,2018,91.82692,2018,100,2018,1.75844,2018,0.2226358,2018,95.67308,2018,89.90385,2018,99.03846
"Nepal","NPL",2018,-0.6736505,2018,0.1495073,2018,27.40385,2018,16.34615,2018,39.42308,2018,-0.4780528,2018,0.1523167,2018,33.65385,2018,23.55769,2018,46.63462,2018,-0.6251459,2018,0.2235309,2018,23.80952,2018,13.80952,2018,37.14286,2018,-0.1319581,2018,0.1345571,2018,39.40887,2018,34.97537,2018,50.73891,2018,-0.9023383,2018,0.2191608,2018,16.82692,2018,9.615385,2018,33.65385,2018,-0.7456533,2018,0.1903177,2018,23.07692,2018,12.01923,2018,35.09615
"Nauru","NRU",2018,-0.5539093,2018,0.8766024,2018,33.65385,2018,0,2018,80.76923,2018,-0.6908471,2018,0.9201411,2018,25.48077,2018,0.4807692,2018,77.40385,2018,0.5126343,2018,0.5967359,2018,63.33333,2018,29.04762,2018,98.09524,2018,0.660958,2018,0.2962991,2018,71.42857,2018,51.72414,2018,87.68473,2018,-0.076744,2018,1.048439,2018,50.48077,2018,1.923077,2018,93.26923,2018,-0.0467818,2018,1.07567,2018,52.88462,2018,2.884615,2018,94.23077
"New Zealand","NZL",2018,2.174696,2018,0.1451362,2018,99.51923,2018,94.71154,2018,100,2018,1.876294,2018,0.1569692,2018,98.07692,2018,90.86539,2018,100,2018,1.541482,2018,0.211271,2018,99.04762,2018,91.42857,2018,99.52381,2018,1.623501,2018,0.1437459,2018,99.50739,2018,93.59606,2018,100,2018,1.670251,2018,0.2221446,2018,93.75,2018,87.5,2018,99.03846,2018,1.978822,2018,0.2226358,2018,98.55769,2018,93.26923,2018,100
"Oman","OMN",2018,0.2460828,2018,0.1705661,2018,62.5,2018,56.25,2018,69.23077,2018,0.4648626,2018,0.181909,2018,68.26923,2018,59.13462,2018,75.96154,2018,0.6545912,2018,0.225094,2018,68.57143,2018,56.19048,2018,85.71429,2018,-1.026107,2018,0.1400875,2018,19.70443,2018,13.30049,2018,25.61576,2018,0.1865782,2018,0.2525324,2018,60.09615,2018,45.67308,2018,73.55769,2018,0.3100107,2018,0.2312884,2018,64.90385,2018,50.96154,2018,74.51923
"Pakistan","PAK",2018,-0.7907338,2018,0.131802,2018,23.55769,2018,14.42308,2018,31.25,2018,-0.6730217,2018,0.1495493,2018,27.88461,2018,17.30769,2018,36.53846,2018,-2.267435,2018,0.2157381,2018,3.333333,2018,0.952381,2018,5.238095,2018,-0.8006933,2018,0.1298104,2018,25.61576,2018,19.70443,2018,30.54187,2018,-0.6338443,2018,0.2063302,2018,26.92308,2018,15.86539,2018,40.38462,2018,-0.6444417,2018,0.1817709,2018,27.40385,2018,14.90385,2018,37.98077
"Panama","PAN",2018,-0.567027,2018,0.126506,2018,32.21154,2018,24.03846,2018,42.30769,2018,-0.0592212,2018,0.1445868,2018,52.40385,2018,42.78846,2018,59.13462,2018,0.2771547,2018,0.2157381,2018,56.19048,2018,42.85714,2018,66.66666,2018,0.5805006,2018,0.1307513,2018,68.47291,2018,59.60591,2018,72.9064,2018,-0.019452,2018,0.1945948,2018,51.92308,2018,39.42308,2018,63.94231,2018,0.4016129,2018,0.1873093,2018,66.34615,2018,59.13462,2018,75
"Peru","PER",2018,-0.5401052,2018,0.1182229,2018,34.61538,2018,25,2018,42.78846,2018,-0.5170875,2018,0.1397771,2018,32.69231,2018,23.55769,2018,43.26923,2018,-0.2593005,2018,0.211271,2018,37.14286,2018,23.80952,2018,49.52381,2018,0.2345341,2018,0.1280941,2018,55.17241,2018,46.79803,2018,60.59113,2018,-0.2454309,2018,0.1831254,2018,44.23077,2018,33.65385,2018,55.28846,2018,0.5182164,2018,0.1753201,2018,71.15385,2018,61.53846,2018,75.48077
"Philippines","PHL",2018,-0.5448154,2018,0.1255713,2018,34.13462,2018,24.03846,2018,42.78846,2018,-0.4776694,2018,0.1448283,2018,34.13462,2018,24.03846,2018,45.19231,2018,-1.121844,2018,0.211271,2018,12.85714,2018,8.095238,2018,19.04762,2018,0.0379877,2018,0.1296873,2018,47.78325,2018,38.91626,2018,56.15763,2018,0.0495094,2018,0.1955121,2018,55.28846,2018,41.34615,2018,67.30769,2018,0.0459113,2018,0.1753201,2018,56.73077,2018,42.78846,2018,65.38461
"Palau","PLW",2018,-0.5539093,2018,0.8766024,2018,33.65385,2018,0,2018,80.76923,2018,0.3065613,2018,0.7551836,2018,62.01923,2018,16.82692,2018,90.38461,2018,0.8627383,2018,0.5967359,2018,77.61905,2018,42.38095,2018,99.52381,2018,1.146016,2018,0.2962991,2018,87.68473,2018,70.44335,2018,99.50739,2018,-0.0121242,2018,1.048439,2018,52.40385,2018,1.923077,2018,94.23077,2018,-0.0116495,2018,1.07567,2018,55.76923,2018,3.365385,2018,94.71154
"Papua New Guinea","PNG",2018,-0.8760095,2018,0.1571753,2018,17.78846,2018,11.53846,2018,28.84615,2018,-0.7658504,2018,0.1749496,2018,23.07692,2018,12.98077,2018,33.17308,2018,-0.6669981,2018,0.2301576,2018,22.85714,2018,12.85714,2018,35.23809,2018,0.043219,2018,0.1409967,2018,48.76847,2018,38.42365,2018,57.63547,2018,-0.6773402,2018,0.2379872,2018,24.03846,2018,12.5,2018,40.86538,2018,-0.5433646,2018,0.2000993,2018,31.25,2018,17.30769,2018,44.71154
"Poland","POL",2018,0.6414219,2018,0.1309793,2018,74.51923,2018,67.30769,2018,80.28846,2018,0.4278919,2018,0.1409364,2018,66.82692,2018,59.13462,2018,75,2018,0.5450124,2018,0.211271,2018,65.71429,2018,53.33333,2018,79.52381,2018,0.7238377,2018,0.1309706,2018,71.92118,2018,64.53202,2018,78.32513,2018,0.6626508,2018,0.2132453,2018,75,2018,63.94231,2018,79.32692,2018,0.8819272,2018,0.1982157,2018,78.36539,2018,72.11539,2018,85.57692
"Puerto Rico","PRI",2018,0.0401706,2018,0.2826696,2018,59.13462,2018,39.90385,2018,69.23077,2018,0.5868457,2018,0.2123641,2018,73.07692,2018,60.57692,2018,78.84615,2018,0.4000113,2018,0.239692,2018,59.04762,2018,45.71429,2018,74.28571,2018,0.4919728,2018,0.2493472,2018,64.03941,2018,50.2463,2018,77.3399,2018,-0.156924,2018,0.3318715,2018,47.11538,2018,22.59615,2018,67.78846,2018,0.9279462,2018,0.3641367,2018,79.32692,2018,65.38461,2018,90.38461
"Korea, Dem. Peoples Rep.","PRK",2018,-1.566256,2018,0.166334,2018,1.923077,2018,0,2018,9.134615,2018,-1.634559,2018,0.1925986,2018,4.807693,2018,1.442308,2018,6.730769,2018,-0.3516326,2018,0.2301576,2018,32.38095,2018,19.52381,2018,46.66667,2018,-2.202045,2018,0.1426797,2018,0,2018,0,2018,1.477833,2018,-1.57276,2018,0.265315,2018,5.288462,2018,0.9615384,2018,11.53846,2018,-2.344563,2018,0.225561,2018,0,2018,0,2018,2.884615
"Portugal","PRT",2018,0.8498304,2018,0.1434279,2018,80.28846,2018,72.59615,2018,82.21154,2018,1.140912,2018,0.1569692,2018,85.09615,2018,78.84615,2018,88.46154,2018,1.140031,2018,0.211271,2018,89.52381,2018,74.28571,2018,98.09524,2018,1.204607,2018,0.1437459,2018,88.66995,2018,78.32513,2018,95.56651,2018,1.208909,2018,0.2221446,2018,86.53846,2018,76.92308,2018,91.82692,2018,0.8900307,2018,0.2226358,2018,78.84615,2018,71.15385,2018,86.53846
"Paraguay","PRY",2018,-0.8474646,2018,0.1345388,2018,20.67308,2018,12.5,2018,28.36539,2018,-0.5411182,2018,0.1631791,2018,32.21154,2018,21.15385,2018,44.23077,2018,-0.1192975,2018,0.2209855,2018,42.38095,2018,29.04762,2018,54.28571,2018,0.0537697,2018,0.1361727,2018,49.26109,2018,38.91626,2018,57.63547,2018,-0.5172144,2018,0.2054188,2018,34.13462,2018,18.26923,2018,46.63462,2018,-0.1242119,2018,0.2163536,2018,48.55769,2018,33.65385,2018,61.53846
"West Bank and Gaza","PSE",2018,-0.1954203,2018,0.2492529,2018,48.55769,2018,29.32692,2018,61.53846,2018,-0.4837196,2018,0.2065851,2018,33.17308,2018,20.19231,2018,49.03846,2018,-1.735649,2018,0.239692,2018,6.666667,2018,4.285714,2018,9.523809,2018,-0.9017643,2018,0.1713592,2018,23.15271,2018,14.77833,2018,30.04926,2018,-0.7608902,2018,0.3238459,2018,20.67308,2018,9.615385,2018,45.67308,2018,0.0524449,2018,0.3641367,2018,57.21154,2018,30.76923,2018,73.07692
"Qatar","QAT",2018,0.7248945,2018,0.1525502,2018,77.40385,2018,67.78846,2018,81.25,2018,0.7346737,2018,0.1647417,2018,75.48077,2018,67.78846,2018,80.76923,2018,0.6783724,2018,0.2161918,2018,69.04762,2018,57.61905,2018,86.19048,2018,-1.195095,2018,0.1380583,2018,14.28571,2018,9.852217,2018,21.67488,2018,0.6312364,2018,0.2154892,2018,74.51923,2018,63.46154,2018,78.84615,2018,0.5151712,2018,0.2138331,2018,70.67308,2018,61.05769,2018,77.88461
"Romania","ROU",2018,-0.1216504,2018,0.1267572,2018,52.40385,2018,43.75,2018,59.61538,2018,0.3254628,2018,0.1338652,2018,63.46154,2018,57.69231,2018,71.15385,2018,0.0593082,2018,0.211271,2018,48.57143,2018,35.23809,2018,59.04762,2018,0.4577805,2018,0.1279276,2018,61.57635,2018,56.15763,2018,71.42857,2018,-0.2534418,2018,0.1982992,2018,43.26923,2018,30.76923,2018,55.28846,2018,0.4453986,2018,0.180271,2018,67.30769,2018,60.09615,2018,75.48077
"Russian Federation","RUS",2018,-0.8451133,2018,0.1309793,2018,21.15385,2018,12.98077,2018,28.36539,2018,-0.8153201,2018,0.1409364,2018,20.67308,2018,13.94231,2018,29.80769,2018,-0.5037209,2018,0.211271,2018,29.04762,2018,16.66667,2018,40.95238,2018,-1.058007,2018,0.1279276,2018,19.21182,2018,13.30049,2018,24.13793,2018,-0.0608858,2018,0.2132453,2018,50.96154,2018,38.94231,2018,63.94231,2018,-0.5404854,2018,0.1982157,2018,31.73077,2018,17.78846,2018,44.71154
"Rwanda","RWA",2018,0.5782577,2018,0.1604078,2018,71.15385,2018,63.94231,2018,79.80769,2018,0.1181115,2018,0.1496957,2018,58.17308,2018,50,2018,64.42308,2018,0.1159507,2018,0.2293836,2018,52.85714,2018,36.66667,2018,62.85714,2018,-1.129916,2018,0.1356451,2018,17.24138,2018,10.83744,2018,22.6601,2018,0.2068089,2018,0.1893241,2018,62.01923,2018,48.55769,2018,71.15385,2018,0.0841578,2018,0.1831593,2018,59.13462,2018,44.71154,2018,65.86539
"Saudi Arabia","SAU",2018,0.3596962,2018,0.1525502,2018,65.86539,2018,59.61538,2018,72.11539,2018,0.1417293,2018,0.164106,2018,58.65385,2018,50,2018,65.86539,2018,-0.5181113,2018,0.2161918,2018,28.57143,2018,16.66667,2018,40.95238,2018,-1.644232,2018,0.1380583,2018,5.91133,2018,1.970443,2018,9.852217,2018,0.3234982,2018,0.2132453,2018,64.90385,2018,50.96154,2018,75,2018,-0.0458949,2018,0.2138331,2018,53.36538,2018,35.57692,2018,64.42308
"Sudan","SDN",2018,-1.426933,2018,0.1432484,2018,5.769231,2018,0.4807692,2018,10.57692,2018,-1.119796,2018,0.1519903,2018,10.57692,2018,6.730769,2018,18.26923,2018,-1.835869,2018,0.225094,2018,5.714286,2018,3.809524,2018,8.095238,2018,-1.841044,2018,0.1304623,2018,2.955665,2018,0.9852217,2018,5.91133,2018,-1.619857,2018,0.1923392,2018,4.326923,2018,0.9615384,2018,9.134615,2018,-1.630347,2018,0.1780088,2018,3.846154,2018,2.884615,2018,7.211538
"Senegal","SEN",2018,-0.0247014,2018,0.1273428,2018,56.73077,2018,46.15385,2018,61.53846,2018,-0.2080795,2018,0.1387609,2018,47.59615,2018,35.09615,2018,54.32692,2018,-0.0886327,2018,0.2157381,2018,42.85714,2018,29.52381,2018,55.23809,2018,0.2396943,2018,0.1242243,2018,55.66502,2018,47.29064,2018,60.59113,2018,-0.2678156,2018,0.1805988,2018,42.30769,2018,32.69231,2018,54.80769,2018,-0.1076691,2018,0.1665556,2018,49.51923,2018,36.53846,2018,61.05769
"Singapore","SGP",2018,2.174524,2018,0.1352266,2018,99.03846,2018,95.19231,2018,100,2018,1.844891,2018,0.154149,2018,97.11539,2018,90.38461,2018,100,2018,1.510339,2018,0.211271,2018,98.57143,2018,90.95238,2018,99.52381,2018,-0.0591089,2018,0.1323162,2018,41.87192,2018,36.94581,2018,51.23153,2018,2.231474,2018,0.2132453,2018,100,2018,97.11539,2018,100,2018,2.131565,2018,0.1982157,2018,99.51923,2018,97.59615,2018,100
"Solomon Islands","SLB",2018,-0.0049462,2018,0.2716164,2018,57.69231,2018,38.94231,2018,67.30769,2018,-0.2278951,2018,0.2945789,2018,47.11538,2018,24.03846,2018,61.53846,2018,0.3004147,2018,0.2638418,2018,57.14286,2018,41.90476,2018,70.47619,2018,0.5343427,2018,0.2482689,2018,65.02463,2018,50.73891,2018,78.32513,2018,-1.054241,2018,0.3491045,2018,13.46154,2018,3.846154,2018,35.09615,2018,-0.8411345,2018,0.2906961,2018,18.75,2018,7.211538,2018,37.01923
"Sierra Leone","SLE",2018,-0.4921698,2018,0.1305735,2018,37.01923,2018,26.44231,2018,45.19231,2018,-0.7695495,2018,0.1435289,2018,22.59615,2018,16.34615,2018,32.21154,2018,-0.0298916,2018,0.2201839,2018,44.28571,2018,30.95238,2018,57.61905,2018,-0.1791686,2018,0.1271977,2018,38.91626,2018,33.49754,2018,47.29064,2018,-1.142948,2018,0.1874648,2018,11.53846,2018,7.692307,2018,18.26923,2018,-0.9059859,2018,0.1684377,2018,15.38461,2018,9.615385,2018,28.84615
"El Salvador","SLV",2018,-0.5911077,2018,0.1219236,2018,29.80769,2018,23.07692,2018,40.86538,2018,-0.8247701,2018,0.144388,2018,19.71154,2018,12.98077,2018,29.80769,2018,-0.3348508,2018,0.2157381,2018,33.33333,2018,21.42857,2018,46.19048,2018,0.0418064,2018,0.1282128,2018,48.27586,2018,38.91626,2018,56.15763,2018,-0.4471425,2018,0.191959,2018,36.53846,2018,20.19231,2018,48.07692,2018,-0.0387822,2018,0.1817735,2018,53.84615,2018,38.94231,2018,62.01923
"San Marino","SMR",NA,NA,NA,NA,NA,NA,NA,NA,NA,NA,2013,0.9354892,2013,0.6541734,2013,78.87324,2013,51.17371,2013,100,2018,0.8627383,2018,0.5967359,2018,77.61905,2018,42.38095,2018,99.52381,2018,1.146016,2018,0.2962991,2018,87.68473,2018,70.44335,2018,99.50739,NA,NA,NA,NA,NA,NA,NA,NA,NA,NA,NA,NA,NA,NA,NA,NA,NA,NA,NA,NA
"Somalia","SOM",2018,-1.800085,2018,0.1553286,2018,0,2018,0,2018,2.884615,2018,-2.332786,2018,0.1540808,2018,0.4807692,2018,0,2018,0.4807692,2018,-2.219771,2018,0.225094,2018,3.809524,2018,0.952381,2018,5.238095,2018,-1.833135,2018,0.1337425,2018,3.448276,2018,0.9852217,2018,6.403941,2018,-2.19103,2018,0.1936536,2018,0.9615384,2018,0,2018,1.442308,2018,-2.314809,2018,0.1911103,2018,0.9615384,2018,0,2018,2.403846
"Serbia","SRB",2018,-0.3702148,2018,0.1360668,2018,41.82692,2018,29.32692,2018,51.44231,2018,-0.1464036,2018,0.145667,2018,49.03846,2018,39.42308,2018,56.73077,2018,0.0824774,2018,0.2157381,2018,49.52381,2018,36.19048,2018,61.42857,2018,0.0018319,2018,0.1280458,2018,46.30542,2018,37.93103,2018,54.18719,2018,0.1116198,2018,0.22757,2018,56.73077,2018,42.30769,2018,69.71154,2018,0.0074444,2018,0.2076896,2018,56.25,2018,39.42308,2018,65.38461
"South Sudan","SSD",2018,-1.727954,2018,0.1882964,2018,0.4807692,2018,0,2018,5.769231,2018,-1.958408,2018,0.2071321,2018,1.442308,2018,0.4807692,2018,4.807693,2018,-2.439316,2018,0.2562913,2018,2.380952,2018,0,2018,5.238095,2018,-1.977599,2018,0.1625956,2018,1.477833,2018,0,2018,4.433497,2018,-2.449409,2018,0.2213946,2018,0,2018,0,2018,0.9615384,2018,-2.064091,2018,0.2083305,2018,2.403846,2018,0,2018,3.365385
"Sao Tome and Principe","STP",2018,0.1838712,2018,0.1828222,2018,61.53846,2018,52.40385,2018,67.78846,2018,-0.6863676,2018,0.1661737,2018,25.96154,2018,16.82692,2018,36.53846,2018,0.5335671,2018,0.239692,2018,64.28571,2018,52.85714,2018,81.90476,2018,0.1583277,2018,0.1598258,2018,51.72414,2018,40.8867,2018,60.59113,2018,-0.6393903,2018,0.2212417,2018,26.44231,2018,15.38461,2018,40.86538,2018,-0.8459124,2018,0.209322,2018,18.26923,2018,9.615385,2018,32.69231
"Suriname","SUR",2018,-0.2114844,2018,0.168254,2018,48.07692,2018,37.01923,2018,59.61538,2018,-0.0639684,2018,0.1817286,2018,51.92308,2018,40.38462,2018,60.57692,2018,0.0773252,2018,0.224247,2018,49.04762,2018,35.23809,2018,61.42857,2018,0.3158507,2018,0.1511253,2018,58.12808,2018,49.7537,2018,66.50246,2018,-0.6553037,2018,0.2917387,2018,25.48077,2018,11.53846,2018,46.63462,2018,-0.6315839,2018,0.2484729,2018,28.84615,2018,12.5,2018,43.75
"Slovak Republic","SVK",2018,0.3629198,2018,0.1411197,2018,66.34615,2018,59.61538,2018,71.63461,2018,0.5290585,2018,0.1484249,2018,70.19231,2018,61.53846,2018,75.96154,2018,0.7504383,2018,0.2161918,2018,72.38095,2018,58.57143,2018,88.57143,2018,0.878241,2018,0.1379168,2018,76.84729,2018,69.95074,2018,83.25123,2018,0.7074615,2018,0.2132453,2018,75.48077,2018,66.82692,2018,79.80769,2018,0.8107936,2018,0.2138331,2018,75.96154,2018,68.75,2018,83.17308
"Slovenia","SVN",2018,0.8702175,2018,0.1309793,2018,80.76923,2018,75,2018,82.21154,2018,1.058505,2018,0.1409364,2018,82.69231,2018,77.88461,2018,86.53846,2018,0.9109183,2018,0.211271,2018,80,2018,65.71429,2018,92.38095,2018,0.9910611,2018,0.1309706,2018,79.31035,2018,72.9064,2018,88.66995,2018,1.125806,2018,0.2132453,2018,83.17308,2018,75.48077,2018,91.34615,2018,0.6948206,2018,0.1982157,2018,75,2018,65.86539,2018,81.25
"Sweden","SWE",2018,2.139578,2018,0.1434279,2018,98.07692,2018,94.71154,2018,100,2018,1.895983,2018,0.1569692,2018,98.55769,2018,91.34615,2018,100,2018,0.9136876,2018,0.211271,2018,80.47619,2018,65.71429,2018,92.38095,2018,1.611055,2018,0.1437459,2018,97.53695,2018,92.61084,2018,100,2018,1.830975,2018,0.2221446,2018,96.15385,2018,91.34615,2018,99.51923,2018,1.800021,2018,0.2226358,2018,97.59615,2018,90.38461,2018,99.51923
"Swaziland","SWZ",2016,-0.440371602773666,2016,0.207193434238434,2016,39.4230766296387,2016,22.115385055542,2016,53.8461532592773,2016,-0.321980983018875,2016,0.171906933188438,2016,40.8653831481934,2016,29.8076915740967,2016,53.3653831481934,2016,-0.490953356027603,2016,0.22733348608017,2016,29.5238094329834,2016,17.619047164917,2016,42.3809509277344,2016,-1.42391228675842,2016,0.138382792472839,2016,9.35960578918457,2016,5.9113302230835,2016,15.2709360122681,2016,-0.556703746318817,2016,0.202792689204216,2016,33.6538467407227,2016,17.7884616851807,2016,43.75,2016,-0.576255798339844,2016,0.210530295968056,2016,29.3269233703613,2016,17.7884616851807,2016,45.6730766296387
"Seychelles","SYC",2018,0.7026863,2018,0.1790231,2018,75.96154,2018,67.30769,2018,81.25,2018,0.2000629,2018,0.1592175,2018,59.61538,2018,51.92308,2018,67.78846,2018,0.6970197,2018,0.2347493,2018,69.52381,2018,57.61905,2018,88.09524,2018,0.2116492,2018,0.1577877,2018,54.18719,2018,42.85714,2018,62.06897,2018,0.502284,2018,0.2062318,2018,71.15385,2018,58.65385,2018,76.92308,2018,-0.1489415,2018,0.2052808,2018,47.59615,2018,33.17308,2018,61.53846
"Syrian Arab Republic","SYR",2018,-1.626812,2018,0.1785744,2018,1.442308,2018,0,2018,8.173077,2018,-2.047868,2018,0.1930713,2018,0.9615384,2018,0,2018,3.365385,2018,-2.739623,2018,0.2301576,2018,0.952381,2018,0,2018,2.380952,2018,-1.958449,2018,0.1443941,2018,1.970443,2018,0,2018,4.433497,2018,-1.671169,2018,0.2724083,2018,3.365385,2018,0.9615384,2018,9.615385,2018,-1.795827,2018,0.2364093,2018,3.365385,2018,1.923077,2018,6.25
"Chad","TCD",2018,-1.410393,2018,0.1604078,2018,6.730769,2018,0.4807692,2018,11.05769,2018,-1.305276,2018,0.1496957,2018,7.211538,2018,5.288462,2018,12.98077,2018,-1.478995,2018,0.2293836,2018,8.095238,2018,5.238095,2018,12.85714,2018,-1.45447,2018,0.1356451,2018,8.374384,2018,4.926108,2018,13.30049,2018,-1.528847,2018,0.1893241,2018,6.730769,2018,1.923077,2018,9.615385,2018,-1.112313,2018,0.1831593,2018,11.53846,2018,6.25,2018,19.23077
"Togo","TGO",2018,-0.7275374,2018,0.1424652,2018,25.48077,2018,15.38461,2018,36.53846,2018,-0.5908715,2018,0.1514907,2018,29.80769,2018,18.75,2018,40.86538,2018,-0.9817027,2018,0.225094,2018,14.28571,2018,8.571428,2018,23.80952,2018,-0.7431359,2018,0.1316689,2018,27.0936,2018,21.67488,2018,31.03448,2018,-1.057791,2018,0.1907385,2018,12.98077,2018,8.173077,2018,21.63461,2018,-0.6506074,2018,0.1780088,2018,26.92308,2018,14.90385,2018,37.01923
"Thailand","THA",2018,-0.3988041,2018,0.1293461,2018,40.86538,2018,29.32692,2018,49.03846,2018,0.0232979,2018,0.1450289,2018,54.80769,2018,47.11538,2018,61.53846,2018,-0.733099,2018,0.211271,2018,19.52381,2018,12.85714,2018,30.95238,2018,-1.005582,2018,0.1309706,2018,20.19704,2018,13.7931,2018,25.61576,2018,0.3499596,2018,0.1982992,2018,66.82692,2018,54.32692,2018,75,2018,0.1116317,2018,0.180271,2018,59.61538,2018,46.15385,2018,66.34615
"Tajikistan","TJK",2018,-1.415102,2018,0.1624154,2018,6.25,2018,0.4807692,2018,11.05769,2018,-1.282616,2018,0.1524956,2018,7.692307,2018,5.288462,2018,15.38461,2018,-0.7243188,2018,0.2339885,2018,20,2018,12.85714,2018,32.85714,2018,-1.689398,2018,0.138546,2018,4.926108,2018,1.970443,2018,7.881773,2018,-1.097704,2018,0.2380511,2018,12.01923,2018,6.730769,2018,22.59615,2018,-1.048576,2018,0.2079773,2018,12.5,2018,6.25,2018,24.03846
"Turkmenistan","TKM",2018,-1.357742,2018,0.1881381,2018,8.173077,2018,0.4807692,2018,12.98077,2018,-1.452363,2018,0.1640527,2018,6.25,2018,3.365385,2018,9.134615,2018,-0.0068957,2018,0.2339885,2018,45.23809,2018,30.95238,2018,58.09524,2018,-2.143717,2018,0.1419189,2018,0.9852217,2018,0,2018,1.970443,2018,-1.044102,2018,0.2979874,2018,14.42308,2018,6.25,2018,33.17308,2018,-1.998719,2018,0.2497173,2018,2.884615,2018,0,2018,3.846154
"Timor-Leste","TLS",2018,-0.4735851,2018,0.2041037,2018,38.46154,2018,22.59615,2018,51.44231,2018,-1.127902,2018,0.1798081,2018,10.09615,2018,6.25,2018,18.75,2018,0.298182,2018,0.239692,2018,56.66667,2018,42.38095,2018,69.04762,2018,0.3397629,2018,0.1490231,2018,59.60591,2018,50.73891,2018,68.47291,2018,-0.9826074,2018,0.2648508,2018,15.86539,2018,8.173077,2018,33.17308,2018,-0.7858377,2018,0.2205652,2018,21.15385,2018,9.615385,2018,35.09615
"Tonga","TON",2018,-0.0708953,2018,0.2556852,2018,55.28846,2018,37.01923,2018,65.38461,2018,0.3874137,2018,0.3059418,2018,64.90385,2018,50.48077,2018,78.84615,2018,0.8794378,2018,0.2638418,2018,79.52381,2018,61.42857,2018,94.28571,2018,0.5628479,2018,0.2569508,2018,66.50246,2018,51.23153,2018,78.81773,2018,0.1393548,2018,0.3345361,2018,58.65385,2018,38.94231,2018,75,2018,-0.3512902,2018,0.2712011,2018,37.5,2018,20.19231,2018,59.13462
"Trinidad and Tobago","TTO",2018,-0.317267,2018,0.1430892,2018,44.23077,2018,33.65385,2018,54.32692,2018,-0.1205074,2018,0.1568497,2018,50.48077,2018,39.90385,2018,58.17308,2018,0.2480514,2018,0.2201839,2018,54.76191,2018,42.38095,2018,66.66666,2018,0.5656093,2018,0.1347382,2018,67.48769,2018,59.60591,2018,72.9064,2018,0.1902379,2018,0.223111,2018,60.57692,2018,46.63462,2018,72.59615,2018,-0.0206371,2018,0.1899983,2018,55.28846,2018,39.42308,2018,63.94231
"Tunisia","TUN",2018,-0.0534863,2018,0.1273428,2018,56.25,2018,45.67308,2018,60.57692,2018,0.0393894,2018,0.1387609,2018,56.25,2018,48.07692,2018,61.53846,2018,-0.9018921,2018,0.2157381,2018,16.19048,2018,11.42857,2018,26.66667,2018,0.210815,2018,0.1242243,2018,53.69458,2018,46.30542,2018,60.59113,2018,-0.1052618,2018,0.1805988,2018,48.55769,2018,38.94231,2018,60.57692,2018,-0.4110191,2018,0.1665556,2018,35.57692,2018,25,2018,47.59615
"Turkey","TUR",2018,-0.3353838,2018,0.1322976,2018,43.75,2018,33.65385,2018,52.40385,2018,-0.3192984,2018,0.1503027,2018,42.30769,2018,30.76923,2018,51.44231,2018,-1.328783,2018,0.2148525,2018,10,2018,6.666667,2018,14.28571,2018,-0.8329394,2018,0.1299241,2018,25.12315,2018,19.21182,2018,30.04926,2018,0.0060968,2018,0.20857,2018,53.84615,2018,39.42308,2018,66.34615,2018,-0.0474772,2018,0.1778175,2018,52.40385,2018,38.94231,2018,61.53846
"Tuvalu","TUV",2018,0.0285799,2018,0.3084422,2018,58.65385,2018,37.98077,2018,69.23077,2018,0.5298821,2018,0.3165517,2018,70.67308,2018,54.32692,2018,81.25,2018,1.425432,2018,0.2978511,2018,97.61905,2018,81.90476,2018,99.52381,2018,1.146016,2018,0.2962991,2018,87.68473,2018,70.44335,2018,99.50739,2018,-0.6936518,2018,0.3491045,2018,23.07692,2018,9.615385,2018,48.07692,2018,-0.5692701,2018,0.32586,2018,30.28846,2018,11.53846,2018,54.32692
"Taiwan, China","TWN",2018,1.027658,2018,0.1447188,2018,82.21154,2018,79.32692,2018,87.01923,2018,1.112281,2018,0.164106,2018,83.17308,2018,77.88461,2018,88.46154,2018,0.8534058,2018,0.2161918,2018,75.71429,2018,62.85714,2018,92.38095,2018,0.977472,2018,0.1394906,2018,78.81773,2018,71.92118,2018,88.66995,2018,1.362331,2018,0.2132453,2018,88.46154,2018,79.32692,2018,94.23077,2018,1.355507,2018,0.2138331,2018,89.42308,2018,80.76923,2018,94.23077
"Tanzania","TZA",2018,-0.4479853,2018,0.1273428,2018,39.42308,2018,27.40385,2018,46.15385,2018,-0.554994,2018,0.1387609,2018,31.25,2018,21.63461,2018,41.34615,2018,-0.5591016,2018,0.2157381,2018,26.19048,2018,15.71429,2018,38.57143,2018,-0.364481,2018,0.1242243,2018,34.48276,2018,31.03448,2018,38.91626,2018,-0.7562658,2018,0.1805988,2018,21.15385,2018,13.46154,2018,35.57692,2018,-0.6128686,2018,0.1665556,2018,29.32692,2018,16.34615,2018,38.46154
"Uganda","UGA",2018,-1.037357,2018,0.1273428,2018,14.42308,2018,9.615385,2018,21.63461,2018,-0.294705,2018,0.1387609,2018,43.26923,2018,32.21154,2018,51.44231,2018,-0.6914156,2018,0.2157381,2018,21.42857,2018,12.85714,2018,32.85714,2018,-0.6666496,2018,0.1242243,2018,28.57143,2018,23.64532,2018,32.51231,2018,-0.6060399,2018,0.1805988,2018,29.80769,2018,16.82692,2018,39.90385,2018,-0.25123,2018,0.1665556,2018,41.82692,2018,32.21154,2018,56.25
"Ukraine","UKR",2018,-0.8736908,2018,0.1267572,2018,18.26923,2018,12.01923,2018,27.40385,2018,-0.7177935,2018,0.1338652,2018,24.03846,2018,16.82692,2018,32.69231,2018,-1.826185,2018,0.211271,2018,6.190476,2018,4.285714,2018,7.619048,2018,-0.0137297,2018,0.1279276,2018,44.82759,2018,37.43842,2018,52.70936,2018,-0.4152199,2018,0.1982992,2018,38.46154,2018,21.63461,2018,49.03846,2018,-0.2200751,2018,0.180271,2018,44.23077,2018,32.21154,2018,57.21154
"Uruguay","URY",2018,1.265534,2018,0.1219236,2018,87.5,2018,82.21154,2018,89.42308,2018,0.5991074,2018,0.144388,2018,73.55769,2018,64.42308,2018,77.88461,2018,1.046509,2018,0.2157381,2018,87.61905,2018,69.04762,2018,96.19048,2018,1.21235,2018,0.1294743,2018,89.16256,2018,79.80296,2018,95.07389,2018,0.5582148,2018,0.191959,2018,73.07692,2018,62.01923,2018,76.92308,2018,0.4992745,2018,0.1817735,2018,69.71154,2018,61.53846,2018,75.48077
"United States","USA",2018,1.323218,2018,0.1390927,2018,88.46154,2018,82.21154,2018,90.86539,2018,1.453255,2018,0.1547573,2018,89.42308,2018,85.09615,2018,92.30769,2018,0.4774609,2018,0.211271,2018,61.90476,2018,52.85714,2018,74.7619,2018,1.039329,2018,0.1435951,2018,81.28078,2018,73.89162,2018,89.65517,2018,1.576998,2018,0.2221446,2018,92.30769,2018,86.53846,2018,98.07692,2018,1.577987,2018,0.2226358,2018,92.30769,2018,85.57692,2018,98.07692
"Uzbekistan","UZB",2018,-1.068714,2018,0.1465122,2018,12.5,2018,9.134615,2018,21.63461,2018,-1.073632,2018,0.1444073,2018,12.98077,2018,6.730769,2018,18.75,2018,-0.283422,2018,0.2277857,2018,35.71429,2018,22.85714,2018,49.52381,2018,-1.615988,2018,0.1329981,2018,6.403941,2018,2.955665,2018,10.83744,2018,-0.5470828,2018,0.2380511,2018,33.65385,2018,16.34615,2018,47.11538,2018,-1.102867,2018,0.1935247,2018,12.01923,2018,6.25,2018,21.15385
"St. Vincent and the Grenadines","VCT",2018,0.7688255,2018,0.2344027,2018,78.84615,2018,67.30769,2018,83.65385,2018,0.4326417,2018,0.2467966,2018,67.30769,2018,55.76923,2018,77.88461,2018,0.8540489,2018,0.2550432,2018,76.19048,2018,61.42857,2018,92.85714,2018,0.8780061,2018,0.2410059,2018,76.35468,2018,62.56158,2018,89.65517,2018,0.1956703,2018,0.3493173,2018,61.53846,2018,39.42308,2018,75.48077,2018,0.2558284,2018,0.2547005,2018,62.01923,2018,46.63462,2018,73.55769
"Venezuela, RB","VEN",2018,-1.467512,2018,0.1216261,2018,4.807693,2018,0.4807692,2018,9.134615,2018,-2.338622,2018,0.1478863,2018,0,2018,0,2018,0.4807692,2018,-1.343512,2018,0.211271,2018,9.047619,2018,6.666667,2018,13.80952,2018,-1.414395,2018,0.1280941,2018,10.34483,2018,5.91133,2018,13.7931,2018,-1.581517,2018,0.1946993,2018,4.807693,2018,1.442308,2018,9.615385,2018,-2.33437,2018,0.1916899,2018,0.4807692,2018,0,2018,2.403846
"Virgin Islands (U.S.)","VIR",2018,0.6316952,2018,0.4023822,2018,73.55769,2018,56.25,2018,87.5,2018,1.120189,2018,0.4841593,2018,84.61539,2018,63.46154,2018,98.55769,2018,0.9858225,2018,0.2825343,2018,84.28571,2018,63.33333,2018,97.61905,2013,0.7834459,2013,0.4573736,2013,72.30047,2013,49.76526,2013,96.24413,2018,0.8301269,2018,0.4585745,2018,76.44231,2018,55.28846,2018,92.30769,2018,0.8194681,2018,0.4940268,2018,77.40385,2018,56.25,2018,93.26923
"Vietnam","VNM",2018,-0.4853567,2018,0.1293781,2018,37.98077,2018,26.44231,2018,45.19231,2018,-0.0032823,2018,0.1499763,2018,54.32692,2018,44.71154,2018,60.57692,2018,0.2032657,2018,0.2157381,2018,53.80952,2018,40.95238,2018,65.71429,2018,-1.445501,2018,0.1299284,2018,9.359606,2018,4.926108,2018,13.30049,2018,-0.0034448,2018,0.2063741,2018,53.36538,2018,39.42308,2018,65.38461,2018,-0.3858519,2018,0.1817735,2018,36.53846,2018,25,2018,49.51923
"Vanuatu","VUT",2018,-0.1629424,2018,0.2335084,2018,50.48077,2018,33.65385,2018,61.53846,2018,0.3358953,2018,0.300376,2018,64.42308,2018,48.07692,2018,77.88461,2018,0.8379562,2018,0.2978511,2018,75.2381,2018,57.61905,2018,94.28571,2018,0.5367252,2018,0.239846,2018,66.00985,2018,51.23153,2018,77.83251,2018,-0.4917117,2018,0.3345361,2018,34.61538,2018,14.42308,2018,55.28846,2018,-0.4740178,2018,0.2712011,2018,34.13462,2018,14.90385,2018,54.80769
"Samoa","WSM",2018,0.6423859,2018,0.3084422,2018,75,2018,60.09615,2018,83.17308,2018,0.8239359,2018,0.3165517,2018,77.88461,2018,61.53846,2018,87.01923,2018,1.186755,2018,0.2638418,2018,91.42857,2018,72.85714,2018,99.52381,2018,0.7639147,2018,0.2673896,2018,72.9064,2018,59.1133,2018,88.17734,2018,0.5907587,2018,0.3491045,2018,73.55769,2018,53.84615,2018,83.17308,2018,-0.1145988,2018,0.2906961,2018,49.03846,2018,29.80769,2018,65.38461
"Yemen, Rep.","YEM",2018,-1.637971,2018,0.1491541,2018,0.9615384,2018,0,2018,7.211538,2018,-1.790394,2018,0.1677396,2018,1.923077,2018,0.4807692,2018,5.288462,2018,-3.002496,2018,0.225771,2018,0,2018,0,2018,0.952381,2018,-1.750749,2018,0.1406941,2018,3.940887,2018,0.9852217,2018,6.896552,2018,-2.244354,2018,0.2168041,2018,0.4807692,2018,0,2018,1.442308,2018,-1.536205,2018,0.1965637,2018,5.288462,2018,2.884615,2018,9.134615
"South Africa","ZAF",2018,-0.021569,2018,0.1231436,2018,57.21154,2018,46.63462,2018,61.05769,2018,-0.1024957,2018,0.1346535,2018,50.96154,2018,41.34615,2018,58.17308,2018,-0.2766732,2018,0.211271,2018,36.19048,2018,23.80952,2018,48.57143,2018,0.6573899,2018,0.1241164,2018,70.44335,2018,61.08374,2018,75.86207,2018,0.3403786,2018,0.1731845,2018,66.34615,2018,55.28846,2018,74.03846,2018,0.171912,2018,0.1615488,2018,61.53846,2018,49.51923,2018,66.82692
"Zambia","ZMB",2018,-0.6561365,2018,0.1305735,2018,27.88461,2018,18.26923,2018,39.42308,2018,-0.3449385,2018,0.1435289,2018,40.86538,2018,29.80769,2018,50.48077,2018,0.1419944,2018,0.2201839,2018,53.33333,2018,38.09524,2018,62.85714,2018,-0.3204631,2018,0.1271977,2018,35.96059,2018,31.03448,2018,40.39409,2018,-0.5592093,2018,0.1874648,2018,33.17308,2018,17.78846,2018,43.75,2018,-0.4426115,2018,0.1684377,2018,35.09615,2018,24.03846,2018,46.63462
"Zimbabwe","ZWE",2018,-1.235616,2018,0.1273428,2018,10.09615,2018,5.288462,2018,14.42308,2018,-1.27363,2018,0.1387609,2018,8.173077,2018,5.288462,2018,13.94231,2018,-0.7070538,2018,0.2157381,2018,20.47619,2018,12.85714,2018,31.90476,2018,-1.134756,2018,0.1242243,2018,16.74877,2018,12.31527,2018,22.16749,2018,-1.19886,2018,0.1805988,2018,10.57692,2018,6.730769,2018,16.34615,2018,-1.583895,2018,0.1665556,2018,4.326923,2018,2.884615,2018,7.211538
